[-6.701e6, -1081.8]
[-6.70094e6, -40779.8]
[-6.70075e6, -80477.3]
[-6.70045e6, -120174.0]
[-6.70003e6, -159869.0]
[-6.69949e6, -199563.0]
[-6.69883e6, -239257.0]
[-6.69805e6, -278949.0]
[-6.69715e6, -318640.0]
[-6.69614e6, -358330.0]
[-6.695e6, -398018.0]
[-6.69374e6, -437706.0]
[-6.69237e6, -477392.0]
[-6.69087e6, -517078.0]
[-6.68926e6, -556762.0]
[-6.68752e6, -596445.0]
[-6.68567e6, -636127.0]
[-6.6837e6, -675807.0]
[-6.6816e6, -715487.0]
[-6.67939e6, -755165.0]
[-6.67706e6, -794843.0]
[-6.67461e6, -834519.0]
[-6.67204e6, -874194.0]
[-6.66936e6, -913868.0]
[-6.66655e6, -953541.0]
[-6.66362e6, -993213.0]
[-6.66058e6, -1.03288e6]
[-6.65741e6, -1.07255e6]
[-6.65413e6, -1.11222e6]
[-6.65072e6, -1.15189e6]
[-6.6472e6, -1.19156e6]
[-6.64356e6, -1.23122e6]
[-6.6398e6, -1.27089e6]
[-6.63592e6, -1.31055e6]
[-6.63192e6, -1.35021e6]
[-6.6278e6, -1.38988e6]
[-6.62356e6, -1.42954e6]
[-6.6192e6, -1.4692e6]
[-6.61473e6, -1.50886e6]
[-6.61013e6, -1.54852e6]
[-6.60542e6, -1.58818e6]
[-6.60058e6, -1.62784e6]
[-6.59563e6, -1.6675e6]
[-6.59056e6, -1.70716e6]
[-6.58536e6, -1.74681e6]
[-6.58005e6, -1.78647e6]
[-6.57462e6, -1.82613e6]
[-6.56907e6, -1.86579e6]
[-6.5634e6, -1.90544e6]
[-6.55761e6, -1.9451e6]
[-6.5517e6, -1.98476e6]
[-6.54567e6, -2.02442e6]
[-6.53953e6, -2.06408e6]
[-6.53326e6, -2.10374e6]
[-6.52687e6, -2.1434e6]
[-6.52037e6, -2.18306e6]
[-6.51374e6, -2.22272e6]
[-6.50699e6, -2.26238e6]
[-6.50013e6, -2.30205e6]
[-6.49314e6, -2.34171e6]
[-6.48604e6, -2.38138e6]
[-6.47881e6, -2.42105e6]
[-6.47147e6, -2.46072e6]
[-6.464e6, -2.50039e6]
[-6.45642e6, -2.54006e6]
[-6.44871e6, -2.57974e6]
[-6.44089e6, -2.61942e6]
[-6.43294e6, -2.6591e6]
[-6.42488e6, -2.69878e6]
[-6.41669e6, -2.73847e6]
[-6.40839e6, -2.77816e6]
[-6.39996e6, -2.81785e6]
[-6.39141e6, -2.85754e6]
[-6.38275e6, -2.89724e6]
[-6.37396e6, -2.93694e6]
[-6.36505e6, -2.97665e6]
[-6.35602e6, -3.01636e6]
[-6.34687e6, -3.05607e6]
[-6.33759e6, -3.09579e6]
[-6.3282e6, -3.13551e6]
[-6.31868e6, -3.17524e6]
[-6.30905e6, -3.21497e6]
[-6.29929e6, -3.25471e6]
[-6.28941e6, -3.29445e6]
[-6.27941e6, -3.3342e6]
[-6.26929e6, -3.37396e6]
[-6.25904e6, -3.41372e6]
[-6.24867e6, -3.45348e6]
[-6.23818e6, -3.49326e6]
[-6.22757e6, -3.53304e6]
[-6.21683e6, -3.57283e6]
[-6.20598e6, -3.61262e6]
[-6.195e6, -3.65242e6]
[-6.18389e6, -3.69223e6]
[-6.17267e6, -3.73205e6]
[-6.16132e6, -3.77188e6]
[-6.14984e6, -3.81171e6]
[-6.13824e6, -3.85155e6]
[-6.12652e6, -3.89141e6]
[-6.11468e6, -3.93127e6]
[-6.10271e6, -3.97114e6]
[-6.09061e6, -4.01102e6]
[-6.0784e6, -4.05091e6]
[-6.06605e6, -4.09081e6]
[-6.05358e6, -4.13072e6]
[-6.04099e6, -4.17065e6]
[-6.02827e6, -4.21058e6]
[-6.01542e6, -4.25053e6]
[-6.00245e6, -4.29048e6]
[-5.98936e6, -4.33045e6]
[-5.97613e6, -4.37044e6]
[-5.96278e6, -4.41043e6]
[-5.94931e6, -4.45044e6]
[-5.9357e6, -4.49046e6]
[-5.92197e6, -4.5305e6]
[-5.90811e6, -4.57055e6]
[-5.89412e6, -4.61061e6]
[-5.88001e6, -4.65069e6]
[-5.86577e6, -4.69078e6]
[-5.85139e6, -4.73089e6]
[-5.83689e6, -4.77101e6]
[-5.82226e6, -4.81115e6]
[-5.8075e6, -4.85131e6]
[-5.79261e6, -4.89148e6]
[-5.77759e6, -4.93167e6]
[-5.76244e6, -4.97188e6]
[-5.74716e6, -5.0121e6]
[-5.73175e6, -5.05234e6]
[-5.7162e6, -5.0926e6]
[-5.70053e6, -5.13288e6]
[-5.68472e6, -5.17318e6]
[-5.66878e6, -5.2135e6]
[-5.65271e6, -5.25383e6]
[-5.6365e6, -5.29419e6]
[-5.62016e6, -5.33457e6]
[-5.60369e6, -5.37497e6]
[-5.58708e6, -5.41539e6]
[-5.57034e6, -5.45583e6]
[-5.55346e6, -5.49629e6]
[-5.53645e6, -5.53677e6]
[-5.5193e6, -5.57728e6]
[-5.50201e6, -5.61781e6]
[-5.48459e6, -5.65836e6]
[-5.46704e6, -5.69894e6]
[-5.44934e6, -5.73954e6]
[-5.43151e6, -5.78017e6]
[-5.41354e6, -5.82082e6]
[-5.39542e6, -5.86149e6]
[-5.37718e6, -5.90219e6]
[-5.35879e6, -5.94292e6]
[-5.34026e6, -5.98367e6]
[-5.32159e6, -6.02445e6]
[-5.30278e6, -6.06526e6]
[-5.28383e6, -6.10609e6]
[-5.26473e6, -6.14696e6]
[-5.2455e6, -6.18785e6]
[-5.22612e6, -6.22876e6]
[-5.20659e6, -6.26971e6]
[-5.18693e6, -6.31069e6]
[-5.16712e6, -6.3517e6]
[-5.14716e6, -6.39273e6]
[-5.12706e6, -6.4338e6]
[-5.10682e6, -6.4749e6]
[-5.08642e6, -6.51603e6]
[-5.06588e6, -6.55719e6]
[-5.04519e6, -6.59839e6]
[-5.02436e6, -6.63962e6]
[-5.00337e6, -6.68088e6]
[-4.98224e6, -6.72217e6]
[-4.96096e6, -6.7635e6]
[-4.93952e6, -6.80486e6]
[-4.91794e6, -6.84625e6]
[-4.8962e6, -6.88769e6]
[-4.87431e6, -6.92915e6]
[-4.85227e6, -6.97066e6]
[-4.83008e6, -7.0122e6]
[-4.80773e6, -7.05377e6]
[-4.78523e6, -7.09539e6]
[-4.76257e6, -7.13704e6]
[-4.73975e6, -7.17873e6]
[-4.71678e6, -7.22045e6]
[-4.69365e6, -7.26222e6]
[-4.67037e6, -7.30403e6]
[-4.64692e6, -7.34587e6]
[-4.62332e6, -7.38776e6]
[-4.59956e6, -7.42968e6]
[-4.57563e6, -7.47165e6]
[-4.55155e6, -7.51366e6]
[-4.5273e6, -7.55571e6]
[-4.50289e6, -7.5978e6]
[-4.47832e6, -7.63994e6]
[-4.45358e6, -7.68212e6]
[-4.42868e6, -7.72434e6]
[-4.40361e6, -7.76661e6]
[-4.37837e6, -7.80892e6]
[-4.35297e6, -7.85127e6]
[-4.3274e6, -7.89368e6]
[-4.30167e6, -7.93612e6]
[-4.27576e6, -7.97862e6]
[-4.24968e6, -8.02116e6]
[-4.22343e6, -8.06375e6]
[-4.19701e6, -8.10638e6]
[-4.17042e6, -8.14907e6]
[-4.14365e6, -8.1918e6]
[-4.11671e6, -8.23458e6]
[-4.0896e6, -8.27741e6]
[-4.0623e6, -8.32029e6]
[-4.03483e6, -8.36322e6]
[-4.00719e6, -8.4062e6]
[-3.97936e6, -8.44924e6]
[-3.95136e6, -8.49232e6]
[-3.92317e6, -8.53546e6]
[-3.89481e6, -8.57865e6]
[-3.86626e6, -8.62189e6]
[-3.83753e6, -8.66519e6]
[-3.80862e6, -8.70854e6]
[-3.77952e6, -8.75194e6]
[-3.75023e6, -8.7954e6]
[-3.72076e6, -8.83892e6]
[-3.6911e6, -8.88249e6]
[-3.66125e6, -8.92612e6]
[-3.63121e6, -8.9698e6]
[-3.60098e6, -9.01355e6]
[-3.57056e6, -9.05735e6]
[-3.53995e6, -9.10121e6]
[-3.50915e6, -9.14512e6]
[-3.47814e6, -9.1891e6]
[-3.44695e6, -9.23313e6]
[-3.41555e6, -9.27723e6]
[-3.38396e6, -9.32139e6]
[-3.35217e6, -9.36561e6]
[-3.32019e6, -9.40989e6]
[-3.288e6, -9.45423e6]
[-3.2556e6, -9.49863e6]
[-3.22301e6, -9.5431e6]
[-3.19021e6, -9.58763e6]
[-3.1572e6, -9.63223e6]
[-3.12399e6, -9.67689e6]
[-3.09057e6, -9.72161e6]
[-3.05695e6, -9.7664e6]
[-3.02311e6, -9.81126e6]
[-2.98906e6, -9.85618e6]
[-2.9548e6, -9.90117e6]
[-2.92033e6, -9.94623e6]
[-2.88564e6, -9.99135e6]
[-2.85074e6, -1.00365e7]
[-2.81562e6, -1.00818e7]
[-2.78028e6, -1.01271e7]
[-2.74472e6, -1.01725e7]
[-2.70894e6, -1.0218e7]
[-2.67294e6, -1.02636e7]
[-2.63672e6, -1.03092e7]
[-2.60027e6, -1.03549e7]
[-2.5636e6, -1.04006e7]
[-2.5267e6, -1.04465e7]
[-2.48957e6, -1.04924e7]
[-2.45221e6, -1.05384e7]
[-2.41462e6, -1.05844e7]
[-2.3768e6, -1.06305e7]
[-2.33874e6, -1.06767e7]
[-2.30045e6, -1.0723e7]
[-2.26192e6, -1.07694e7]
[-2.22316e6, -1.08158e7]
[-2.18415e6, -1.08623e7]
[-2.14491e6, -1.09089e7]
[-2.10542e6, -1.09556e7]
[-2.06569e6, -1.10024e7]
[-2.02572e6, -1.10492e7]
[-1.9855e6, -1.10961e7]
[-1.94503e6, -1.11431e7]
[-1.90431e6, -1.11902e7]
[-1.86334e6, -1.12373e7]
[-1.82212e6, -1.12846e7]
[-1.78064e6, -1.13319e7]
[-1.73891e6, -1.13793e7]
[-1.69692e6, -1.14268e7]
[-1.65468e6, -1.14743e7]
[-1.61217e6, -1.1522e7]
[-1.5694e6, -1.15698e7]
[-1.52637e6, -1.16176e7]
[-1.48307e6, -1.16655e7]
[-1.43951e6, -1.17135e7]
[-1.39568e6, -1.17616e7]
[-1.35158e6, -1.18098e7]
[-1.30721e6, -1.18581e7]
[-1.26256e6, -1.19064e7]
[-1.21764e6, -1.19549e7]
[-1.17244e6, -1.20034e7]
[-1.12697e6, -1.2052e7]
[-1.08121e6, -1.21008e7]
[-1.03517e6, -1.21496e7]
[-988852.0, -1.21985e7]
[-942245.0, -1.22475e7]
[-895351.0, -1.22966e7]
[-848168.0, -1.23458e7]
[-800694.0, -1.23951e7]
[-752927.0, -1.24445e7]
[-704866.0, -1.24939e7]
[-656508.0, -1.25435e7]
[-607851.0, -1.25932e7]
[-558895.0, -1.2643e7]
[-509636.0, -1.26929e7]
[-460073.0, -1.27428e7]
[-410204.0, -1.27929e7]
[-360027.0, -1.28431e7]
[-309540.0, -1.28933e7]
[-258740.0, -1.29437e7]
[-207627.0, -1.29942e7]
[-156197.0, -1.30448e7]
[-104449.0, -1.30955e7]
[-52380.5, -1.31462e7]
[10.2456, -1.31971e7]
[52725.5, -1.32481e7]
[105768.0, -1.32992e7]
[159138.0, -1.33505e7]
[212840.0, -1.34018e7]
[266875.0, -1.34532e7]
[321245.0, -1.35047e7]
[375953.0, -1.35564e7]
[431001.0, -1.36081e7]
[486391.0, -1.366e7]
[542125.0, -1.3712e7]
[598206.0, -1.37641e7]
[654636.0, -1.38163e7]
[711418.0, -1.38686e7]
[768553.0, -1.3921e7]
[826044.0, -1.39735e7]
[883893.0, -1.40262e7]
[942104.0, -1.40789e7]
[1.00068e6, -1.41318e7]
[1.05962e6, -1.41848e7]
[1.11893e6, -1.4238e7]
[1.1786e6, -1.42912e7]
[1.23866e6, -1.43445e7]
[1.29908e6, -1.4398e7]
[1.35989e6, -1.44516e7]
[1.42108e6, -1.45053e7]
[1.48265e6, -1.45592e7]
[1.5446e6, -1.46131e7]
[1.60695e6, -1.46672e7]
[1.66969e6, -1.47214e7]
[1.73282e6, -1.47757e7]
[1.79635e6, -1.48302e7]
[1.86028e6, -1.48847e7]
[1.92461e6, -1.49394e7]
[1.98934e6, -1.49943e7]
[2.05449e6, -1.50492e7]
[2.12004e6, -1.51043e7]
[2.18601e6, -1.51595e7]
[2.2524e6, -1.52149e7]
[2.3192e6, -1.52703e7]
[2.38643e6, -1.53259e7]
[2.45408e6, -1.53817e7]
[2.52216e6, -1.54375e7]
[2.59068e6, -1.54935e7]
[2.65962e6, -1.55496e7]
[2.72901e6, -1.56059e7]
[2.79884e6, -1.56623e7]
[2.8691e6, -1.57188e7]
[2.93982e6, -1.57755e7]
[3.01099e6, -1.58323e7]
[3.08261e6, -1.58892e7]
[3.15468e6, -1.59463e7]
[3.22722e6, -1.60035e7]
[3.30022e6, -1.60609e7]
[3.37368e6, -1.61184e7]
[3.44762e6, -1.6176e7]
[3.52203e6, -1.62338e7]
[3.59691e6, -1.62917e7]
[3.67228e6, -1.63498e7]
[3.74812e6, -1.6408e7]
[3.82446e6, -1.64664e7]
[3.90128e6, -1.65249e7]
[3.9786e6, -1.65835e7]
[4.05642e6, -1.66423e7]
[4.13473e6, -1.67013e7]
[4.21356e6, -1.67603e7]
[4.29289e6, -1.68196e7]
[4.37273e6, -1.6879e7]
[4.45309e6, -1.69385e7]
[4.53396e6, -1.69982e7]
[4.61536e6, -1.7058e7]
[4.69729e6, -1.7118e7]
[4.77975e6, -1.71782e7]
[4.86275e6, -1.72385e7]
[4.94628e6, -1.72989e7]
[5.03035e6, -1.73596e7]
[5.11498e6, -1.74203e7]
[5.20015e6, -1.74813e7]
[5.28588e6, -1.75423e7]
[5.37216e6, -1.76036e7]
[5.45901e6, -1.7665e7]
[5.54643e6, -1.77266e7]
[5.63442e6, -1.77883e7]
[5.72298e6, -1.78502e7]
[5.81213e6, -1.79122e7]
[5.90186e6, -1.79744e7]
[5.99218e6, -1.80368e7]
[6.08309e6, -1.80994e7]
[6.17459e6, -1.81621e7]
[6.26671e6, -1.82249e7]
[6.35942e6, -1.8288e7]
[6.45275e6, -1.83512e7]
[6.54669e6, -1.84146e7]
[6.64126e6, -1.84781e7]
[6.73645e6, -1.85419e7]
[6.83227e6, -1.86057e7]
[6.92872e6, -1.86698e7]
[7.02582e6, -1.87341e7]
[7.12355e6, -1.87985e7]
[7.22194e6, -1.88631e7]
[7.32098e6, -1.89278e7]
[7.42068e6, -1.89928e7]
[7.52104e6, -1.90579e7]
[7.62208e6, -1.91232e7]
[7.72378e6, -1.91886e7]
[7.82617e6, -1.92543e7]
[7.92924e6, -1.93201e7]
[8.033e6, -1.93862e7]
[8.13746e6, -1.94524e7]
[8.24261e6, -1.95187e7]
[8.34847e6, -1.95853e7]
[8.45505e6, -1.96521e7]
[8.56234e6, -1.9719e7]
[8.67035e6, -1.97861e7]
[8.77909e6, -1.98534e7]
[8.88857e6, -1.99209e7]
[8.99878e6, -1.99886e7]
[9.10974e6, -2.00565e7]
[9.22145e6, -2.01246e7]
[9.33391e6, -2.01928e7]
[9.44714e6, -2.02613e7]
[9.56114e6, -2.03299e7]
[9.67591e6, -2.03988e7]
[9.79146e6, -2.04678e7]
[9.9078e6, -2.0537e7]
[1.00249e7, -2.06065e7]
[1.01429e7, -2.06761e7]
[1.02616e7, -2.07459e7]
[1.03811e7, -2.08159e7]
[1.05015e7, -2.08862e7]
[1.06227e7, -2.09566e7]
[1.07447e7, -2.10272e7]
[1.08676e7, -2.10981e7]
[1.09913e7, -2.11691e7]
[1.11158e7, -2.12403e7]
[1.12413e7, -2.13118e7]
[1.13675e7, -2.13834e7]
[1.14947e7, -2.14553e7]
[1.16227e7, -2.15274e7]
[1.17516e7, -2.15996e7]
[1.18814e7, -2.16721e7]
[1.20121e7, -2.17448e7]
[1.21437e7, -2.18177e7]
[1.22763e7, -2.18909e7]
[1.24097e7, -2.19642e7]
[1.25441e7, -2.20378e7]
[1.26794e7, -2.21115e7]
[1.28157e7, -2.21855e7]
[1.29529e7, -2.22597e7]
[1.3091e7, -2.23341e7]
[1.32302e7, -2.24088e7]
[1.33703e7, -2.24836e7]
[1.35114e7, -2.25587e7]
[1.36535e7, -2.2634e7]
[1.37965e7, -2.27096e7]
[1.39406e7, -2.27853e7]
[1.40857e7, -2.28613e7]
[1.42318e7, -2.29375e7]
[1.4379e7, -2.30139e7]
[1.45272e7, -2.30906e7]
[1.46765e7, -2.31675e7]
[1.48268e7, -2.32446e7]
[1.49781e7, -2.33219e7]
[1.51306e7, -2.33995e7]
[1.52841e7, -2.34773e7]
[1.54387e7, -2.35553e7]
[1.55944e7, -2.36336e7]
[1.57513e7, -2.37121e7]
[1.59092e7, -2.37909e7]
[1.60683e7, -2.38698e7]
[1.62285e7, -2.39491e7]
[1.63899e7, -2.40285e7]
[1.65524e7, -2.41082e7]
[1.67161e7, -2.41882e7]
[1.6881e7, -2.42683e7]
[1.7047e7, -2.43487e7]
[1.72143e7, -2.44294e7]
[1.73827e7, -2.45103e7]
[1.75524e7, -2.45915e7]
[1.77233e7, -2.46729e7]
[1.78954e7, -2.47545e7]
[1.80688e7, -2.48364e7]
[1.82434e7, -2.49185e7]
[1.84193e7, -2.50009e7]
[1.85965e7, -2.50836e7]
[1.8775e7, -2.51665e7]
[1.89548e7, -2.52496e7]
[1.91359e7, -2.5333e7]
[1.93183e7, -2.54167e7]
[1.9502e7, -2.55006e7]
[1.96871e7, -2.55847e7]
[1.98735e7, -2.56691e7]
[2.00613e7, -2.57538e7]
[2.02505e7, -2.58388e7]
[2.04411e7, -2.5924e7]
[2.06331e7, -2.60094e7]
[2.08265e7, -2.60951e7]
[2.10213e7, -2.61811e7]
[2.12176e7, -2.62673e7]
[2.14153e7, -2.63538e7]
[2.16145e7, -2.64406e7]
[2.18151e7, -2.65276e7]
[2.20173e7, -2.66149e7]
[2.22209e7, -2.67025e7]
[2.24261e7, -2.67903e7]
[2.26328e7, -2.68784e7]
[2.2841e7, -2.69668e7]
[2.30508e7, -2.70554e7]
[2.32621e7, -2.71443e7]
[2.34751e7, -2.72335e7]
[2.36896e7, -2.7323e7]
[2.39057e7, -2.74127e7]
[2.41235e7, -2.75027e7]
[2.43429e7, -2.7593e7]
[2.45639e7, -2.76835e7]
[2.47866e7, -2.77744e7]
[2.5011e7, -2.78655e7]
[2.52371e7, -2.79569e7]
[2.54649e7, -2.80485e7]
[2.56944e7, -2.81405e7]
[2.59257e7, -2.82327e7]
[2.61587e7, -2.83252e7]
[2.63934e7, -2.8418e7]
[2.663e7, -2.85111e7]
[2.68684e7, -2.86044e7]
[2.71085e7, -2.86981e7]
[2.73506e7, -2.8792e7]
[2.75944e7, -2.88862e7]
[2.78401e7, -2.89807e7]
[2.80877e7, -2.90755e7]
[2.83373e7, -2.91705e7]
[2.85887e7, -2.92659e7]
[2.8842e7, -2.93615e7]
[2.90973e7, -2.94575e7]
[2.93546e7, -2.95537e7]
[2.96138e7, -2.96502e7]
[2.98751e7, -2.9747e7]
[3.01383e7, -2.98441e7]
[3.04036e7, -2.99415e7]
[3.0671e7, -3.00391e7]
[3.09404e7, -3.01371e7]
[3.12119e7, -3.02354e7]
[3.14856e7, -3.03339e7]
[3.17613e7, -3.04328e7]
[3.20392e7, -3.05319e7]
[3.23193e7, -3.06314e7]
[3.26016e7, -3.07311e7]
[3.2886e7, -3.08311e7]
[3.31727e7, -3.09315e7]
[3.34617e7, -3.10321e7]
[3.37529e7, -3.1133e7]
[3.40464e7, -3.12342e7]
[3.43422e7, -3.13358e7]
[3.46403e7, -3.14376e7]
[3.49408e7, -3.15397e7]
[3.52436e7, -3.16421e7]
[3.55488e7, -3.17448e7]
[3.58565e7, -3.18478e7]
[3.61666e7, -3.19511e7]
[3.64791e7, -3.20547e7]
[3.67941e7, -3.21587e7]
[3.71116e7, -3.22629e7]
[3.74317e7, -3.23674e7]
[3.77543e7, -3.24722e7]
[3.80794e7, -3.25773e7]
[3.84072e7, -3.26827e7]
[3.87375e7, -3.27884e7]
[3.90705e7, -3.28944e7]
[3.94062e7, -3.30007e7]
[3.97446e7, -3.31073e7]
[4.00857e7, -3.32142e7]
[4.04295e7, -3.33214e7]
[4.07761e7, -3.34289e7]
[4.11254e7, -3.35367e7]
[4.14776e7, -3.36448e7]
[4.18326e7, -3.37532e7]
[4.21905e7, -3.38619e7]
[4.25513e7, -3.39709e7]
[4.2915e7, -3.40802e7]
[4.32816e7, -3.41898e7]
[4.36513e7, -3.42997e7]
[4.40239e7, -3.44098e7]
[4.43995e7, -3.45203e7]
[4.47782e7, -3.46311e7]
[4.516e7, -3.47421e7]
[4.55449e7, -3.48535e7]
[4.59329e7, -3.49651e7]
[4.63241e7, -3.50771e7]
[4.67185e7, -3.51893e7]
[4.71162e7, -3.53018e7]
[4.75171e7, -3.54146e7]
[4.79213e7, -3.55277e7]
[4.83287e7, -3.56411e7]
[4.87396e7, -3.57547e7]
[4.91538e7, -3.58687e7]
[4.95715e7, -3.59829e7]
[4.99926e7, -3.60975e7]
[5.04171e7, -3.62122e7]
[5.08452e7, -3.63273e7]
[5.12768e7, -3.64427e7]
[5.1712e7, -3.65583e7]
[5.21508e7, -3.66742e7]
[5.25932e7, -3.67904e7]
[5.30393e7, -3.69069e7]
[5.34891e7, -3.70236e7]
[5.39426e7, -3.71406e7]
[5.44e7, -3.72579e7]
[5.48611e7, -3.73754e7]
[5.53261e7, -3.74932e7]
[5.5795e7, -3.76112e7]
[5.62678e7, -3.77295e7]
[5.67445e7, -3.78481e7]
[5.72252e7, -3.79669e7]
[5.771e7, -3.8086e7]
[5.81988e7, -3.82053e7]
[5.86918e7, -3.83249e7]
[5.91889e7, -3.84447e7]
[5.96901e7, -3.85648e7]
[6.01956e7, -3.86851e7]
[6.07054e7, -3.88056e7]
[6.12194e7, -3.89264e7]
[6.17378e7, -3.90474e7]
[6.22606e7, -3.91686e7]
[6.27878e7, -3.92901e7]
[6.33195e7, -3.94118e7]
[6.38556e7, -3.95337e7]
[6.43963e7, -3.96558e7]
[6.49416e7, -3.97781e7]
[6.54916e7, -3.99006e7]
[6.60462e7, -4.00234e7]
[6.66055e7, -4.01463e7]
[6.71696e7, -4.02694e7]
[6.77385e7, -4.03928e7]
[6.83123e7, -4.05163e7]
[6.88909e7, -4.064e7]
[6.94745e7, -4.07638e7]
[7.00631e7, -4.08879e7]
[7.06567e7, -4.10121e7]
[7.12554e7, -4.11365e7]
[7.18592e7, -4.1261e7]
[7.24682e7, -4.13857e7]
[7.30825e7, -4.15105e7]
[7.3702e7, -4.16355e7]
[7.43268e7, -4.17607e7]
[7.4957e7, -4.18859e7]
[7.55926e7, -4.20113e7]
[7.62337e7, -4.21368e7]
[7.68803e7, -4.22624e7]
[7.75325e7, -4.23881e7]
[7.81903e7, -4.2514e7]
[7.88538e7, -4.26399e7]
[7.95231e7, -4.27659e7]
[8.01981e7, -4.2892e7]
[8.08789e7, -4.30182e7]
[8.15656e7, -4.31444e7]
[8.22583e7, -4.32707e7]
[8.2957e7, -4.33971e7]
[8.36617e7, -4.35235e7]
[8.43726e7, -4.36499e7]
[8.50896e7, -4.37764e7]
[8.58128e7, -4.39029e7]
[8.65423e7, -4.40294e7]
[8.72782e7, -4.41559e7]
[8.80204e7, -4.42824e7]
[8.87691e7, -4.44088e7]
[8.95243e7, -4.45353e7]
[9.02861e7, -4.46617e7]
[9.10545e7, -4.47881e7]
[9.18296e7, -4.49144e7]
[9.26114e7, -4.50407e7]
[9.34001e7, -4.51668e7]
[9.41956e7, -4.52929e7]
[9.49981e7, -4.54189e7]
[9.58075e7, -4.55448e7]
[9.6624e7, -4.56706e7]
[9.74477e7, -4.57962e7]
[9.82785e7, -4.59217e7]
[9.91166e7, -4.60471e7]
[9.9962e7, -4.61723e7]
[1.00815e8, -4.62973e7]
[1.01675e8, -4.6422e7]
[1.02543e8, -4.65466e7]
[1.03418e8, -4.6671e7]
[1.04301e8, -4.67951e7]
[1.05192e8, -4.6919e7]
[1.0609e8, -4.70426e7]
[1.06996e8, -4.7166e7]
[1.0791e8, -4.7289e7]
[1.08833e8, -4.74118e7]
[1.09763e8, -4.75342e7]
[1.10701e8, -4.76562e7]
[1.11648e8, -4.77779e7]
[1.12602e8, -4.78993e7]
[1.13566e8, -4.80202e7]
[1.14537e8, -4.81407e7]
[1.15517e8, -4.82608e7]
[1.16506e8, -4.83805e7]
[1.17503e8, -4.84997e7]
[1.18509e8, -4.86184e7]
[1.19523e8, -4.87365e7]
[1.20547e8, -4.88542e7]
[1.21579e8, -4.89713e7]
[1.2262e8, -4.90879e7]
[1.2367e8, -4.92038e7]
[1.2473e8, -4.93192e7]
[1.25799e8, -4.94339e7]
[1.26876e8, -4.9548e7]
[1.27964e8, -4.96613e7]
[1.2906e8, -4.9774e7]
[1.30167e8, -4.9886e7]
[1.31282e8, -4.99972e7]
[1.32408e8, -5.01076e7]
[1.33543e8, -5.02172e7]
[1.34688e8, -5.0326e7]
[1.35842e8, -5.0434e7]
[1.37007e8, -5.0541e7]
[1.38182e8, -5.06472e7]
[1.39367e8, -5.07524e7]
[1.40562e8, -5.08567e7]
[1.41767e8, -5.09599e7]
[1.42982e8, -5.10621e7]
[1.44208e8, -5.11633e7]
[1.45444e8, -5.12634e7]
[1.46691e8, -5.13624e7]
[1.47949e8, -5.14602e7]
[1.49217e8, -5.15569e7]
[1.50496e8, -5.16523e7]
[1.51786e8, -5.17465e7]
[1.53086e8, -5.18394e7]
[1.54398e8, -5.19309e7]
[1.55721e8, -5.20211e7]
[1.57055e8, -5.211e7]
[1.584e8, -5.21974e7]
[1.59756e8, -5.22833e7]
[1.61123e8, -5.23677e7]
[1.62502e8, -5.24506e7]
[1.63893e8, -5.25319e7]
[1.65295e8, -5.26115e7]
[1.66708e8, -5.26895e7]
[1.68134e8, -5.27658e7]
[1.69571e8, -5.28403e7]
[1.71019e8, -5.29131e7]
[1.72476e8, -5.29838e7]
[1.73923e8, -5.30516e7]
[1.7536e8, -5.31166e7]
[1.76789e8, -5.31789e7]
[1.78208e8, -5.32386e7]
[1.79619e8, -5.32956e7]
[1.81021e8, -5.335e7]
[1.82414e8, -5.3402e7]
[1.83798e8, -5.34515e7]
[1.85174e8, -5.34986e7]
[1.86542e8, -5.35433e7]
[1.87901e8, -5.35858e7]
[1.89253e8, -5.36259e7]
[1.90596e8, -5.36639e7]
[1.91932e8, -5.36997e7]
[1.93259e8, -5.37333e7]
[1.94579e8, -5.37649e7]
[1.95892e8, -5.37944e7]
[1.97197e8, -5.38219e7]
[1.98494e8, -5.38475e7]
[1.99784e8, -5.38711e7]
[2.01067e8, -5.38927e7]
[2.02343e8, -5.39126e7]
[2.03611e8, -5.39306e7]
[2.04873e8, -5.39468e7]
[2.06127e8, -5.39612e7]
[2.07375e8, -5.39739e7]
[2.08616e8, -5.39849e7]
[2.09851e8, -5.39942e7]
[2.11078e8, -5.40018e7]
[2.12299e8, -5.40079e7]
[2.13514e8, -5.40123e7]
[2.14722e8, -5.40152e7]
[2.15924e8, -5.40165e7]
[2.17119e8, -5.40163e7]
[2.18309e8, -5.40147e7]
[2.19485e8, -5.40115e7]
[2.20656e8, -5.4007e7]
[2.21821e8, -5.4001e7]
[2.22979e8, -5.39936e7]
[2.24132e8, -5.39849e7]
[2.25279e8, -5.39748e7]
[2.2642e8, -5.39634e7]
[2.27555e8, -5.39506e7]
[2.28684e8, -5.39366e7]
[2.29808e8, -5.39213e7]
[2.30926e8, -5.39047e7]
[2.32039e8, -5.38869e7]
[2.33146e8, -5.38679e7]
[2.34248e8, -5.38478e7]
[2.35344e8, -5.38264e7]
[2.36435e8, -5.38039e7]
[2.3752e8, -5.37802e7]
[2.386e8, -5.37554e7]
[2.39675e8, -5.37295e7]
[2.40745e8, -5.37025e7]
[2.4181e8, -5.36744e7]
[2.42869e8, -5.36453e7]
[2.43924e8, -5.36151e7]
[2.44973e8, -5.35838e7]
[2.46017e8, -5.35516e7]
[2.47057e8, -5.35184e7]
[2.48091e8, -5.34841e7]
[2.49121e8, -5.34489e7]
[2.50146e8, -5.34128e7]
[2.51166e8, -5.33757e7]
[2.52181e8, -5.33376e7]
[2.53192e8, -5.32986e7]
[2.54197e8, -5.32588e7]
[2.55199e8, -5.3218e7]
[2.56195e8, -5.31763e7]
[2.57187e8, -5.31338e7]
[2.58174e8, -5.30904e7]
[2.59157e8, -5.30462e7]
[2.60136e8, -5.30011e7]
[2.6111e8, -5.29552e7]
[2.62079e8, -5.29085e7]
[2.63044e8, -5.28609e7]
[2.64005e8, -5.28126e7]
[2.64961e8, -5.27635e7]
[2.65913e8, -5.27137e7]
[2.66861e8, -5.2663e7]
[2.67804e8, -5.26116e7]
[2.68744e8, -5.25595e7]
[2.69679e8, -5.25067e7]
[2.7061e8, -5.24531e7]
[2.71536e8, -5.23988e7]
[2.72459e8, -5.23438e7]
[2.73378e8, -5.22881e7]
[2.74292e8, -5.22317e7]
[2.75202e8, -5.21747e7]
[2.76109e8, -5.2117e7]
[2.77011e8, -5.20586e7]
[2.7791e8, -5.19996e7]
[2.78804e8, -5.19399e7]
[2.79695e8, -5.18796e7]
[2.80581e8, -5.18187e7]
[2.81464e8, -5.17572e7]
[2.82343e8, -5.1695e7]
[2.83218e8, -5.16323e7]
[2.84089e8, -5.1569e7]
[2.84957e8, -5.15051e7]
[2.85821e8, -5.14406e7]
[2.86681e8, -5.13755e7]
[2.87537e8, -5.13099e7]
[2.8839e8, -5.12437e7]
[2.89239e8, -5.1177e7]
[2.90084e8, -5.11097e7]
[2.90925e8, -5.10419e7]
[2.91763e8, -5.09736e7]
[2.92598e8, -5.09048e7]
[2.93429e8, -5.08355e7]
[2.94256e8, -5.07656e7]
[2.9508e8, -5.06953e7]
[2.959e8, -5.06244e7]
[2.96717e8, -5.05531e7]
[2.9753e8, -5.04813e7]
[2.98339e8, -5.04091e7]
[2.99146e8, -5.03364e7]
[2.99949e8, -5.02632e7]
[3.00748e8, -5.01895e7]
[3.01544e8, -5.01155e7]
[3.02337e8, -5.0041e7]
[3.03126e8, -4.9966e7]
[3.03912e8, -4.98906e7]
[3.04695e8, -4.98148e7]
[3.05474e8, -4.97386e7]
[3.0625e8, -4.9662e7]
[3.07023e8, -4.9585e7]
[3.07792e8, -4.95076e7]
[3.08558e8, -4.94298e7]
[3.09321e8, -4.93516e7]
[3.10081e8, -4.92731e7]
[3.10837e8, -4.91942e7]
[3.11591e8, -4.91149e7]
[3.12341e8, -4.90352e7]
[3.13088e8, -4.89552e7]
[3.13832e8, -4.88748e7]
[3.14573e8, -4.87941e7]
[3.1531e8, -4.87131e7]
[3.16045e8, -4.86317e7]
[3.16776e8, -4.855e7]
[3.17504e8, -4.8468e7]
[3.1823e8, -4.83857e7]
[3.18952e8, -4.8303e7]
[3.19671e8, -4.82201e7]
[3.20387e8, -4.81368e7]
[3.211e8, -4.80533e7]
[3.2181e8, -4.79694e7]
[3.22518e8, -4.78853e7]
[3.23222e8, -4.78009e7]
[3.23923e8, -4.77163e7]
[3.24621e8, -4.76313e7]
[3.25317e8, -4.75461e7]
[3.26009e8, -4.74607e7]
[3.26699e8, -4.7375e7]
[3.27385e8, -4.7289e7]
[3.28069e8, -4.72028e7]
[3.2875e8, -4.71164e7]
[3.29428e8, -4.70297e7]
[3.30116e8, -4.69411e7]
[3.30802e8, -4.68523e7]
[3.31485e8, -4.67632e7]
[3.32165e8, -4.6674e7]
[3.32842e8, -4.65845e7]
[3.33516e8, -4.64949e7]
[3.34188e8, -4.6405e7]
[3.34857e8, -4.6315e7]
[3.35523e8, -4.62247e7]
[3.36186e8, -4.61343e7]
[3.36847e8, -4.60438e7]
[3.37505e8, -4.5953e7]
[3.3816e8, -4.58621e7]
[3.38812e8, -4.57711e7]
[3.39462e8, -4.56799e7]
[3.40109e8, -4.55885e7]
[3.40753e8, -4.5497e7]
[3.41395e8, -4.54054e7]
[3.42034e8, -4.53136e7]
[3.4267e8, -4.52217e7]
[3.43304e8, -4.51297e7]
[3.43935e8, -4.50376e7]
[3.44564e8, -4.49454e7]
[3.45189e8, -4.4853e7]
[3.45813e8, -4.47606e7]
[3.46433e8, -4.46681e7]
[3.47051e8, -4.45755e7]
[3.47667e8, -4.44828e7]
[3.4828e8, -4.43901e7]
[3.4889e8, -4.42973e7]
[3.49498e8, -4.42044e7]
[3.50103e8, -4.41115e7]
[3.50706e8, -4.40185e7]
[3.51306e8, -4.39254e7]
[3.51904e8, -4.38324e7]
[3.52499e8, -4.37393e7]
[3.53091e8, -4.36462e7]
[3.53682e8, -4.3553e7]
[3.54269e8, -4.34599e7]
[3.54855e8, -4.33667e7]
[3.55437e8, -4.32735e7]
[3.56018e8, -4.31804e7]
[3.56595e8, -4.30873e7]
[3.57171e8, -4.29941e7]
[3.57744e8, -4.29011e7]
[3.58314e8, -4.2808e7]
[3.58882e8, -4.2715e7]
[3.59448e8, -4.2622e7]
[3.60011e8, -4.25291e7]
[3.60572e8, -4.24363e7]
[3.61131e8, -4.23435e7]
[3.61687e8, -4.22508e7]
[3.62241e8, -4.21582e7]
[3.62792e8, -4.20657e7]
[3.63341e8, -4.19732e7]
[3.63888e8, -4.18809e7]
[3.64432e8, -4.17887e7]
[3.64974e8, -4.16967e7]
[3.65514e8, -4.16048e7]
[3.66051e8, -4.1513e7]
[3.66586e8, -4.14213e7]
[3.67119e8, -4.13299e7]
[3.67649e8, -4.12386e7]
[3.68177e8, -4.11475e7]
[3.68703e8, -4.10565e7]
[3.69227e8, -4.09658e7]
[3.69748e8, -4.08753e7]
[3.70267e8, -4.0785e7]
[3.70784e8, -4.06949e7]
[3.71298e8, -4.06051e7]
[3.7181e8, -4.05155e7]
[3.7232e8, -4.04262e7]
[3.72828e8, -4.03371e7]
[3.73334e8, -4.02484e7]
[3.73837e8, -4.01599e7]
[3.74338e8, -4.00718e7]
[3.74837e8, -3.9984e7]
[3.75333e8, -3.98965e7]
[3.75828e8, -3.98093e7]
[3.7632e8, -3.97226e7]
[3.7681e8, -3.96362e7]
[3.77298e8, -3.95502e7]
[3.77783e8, -3.94646e7]
[3.78267e8, -3.93794e7]
[3.78748e8, -3.92947e7]
[3.79227e8, -3.92104e7]
[3.79704e8, -3.91266e7]
[3.80179e8, -3.90433e7]
[3.80651e8, -3.89605e7]
[3.81122e8, -3.88782e7]
[3.8159e8, -3.87965e7]
[3.82056e8, -3.87153e7]
[3.8252e8, -3.86347e7]
[3.82982e8, -3.85548e7]
[3.83442e8, -3.84754e7]
[3.839e8, -3.83968e7]
[3.84355e8, -3.83187e7]
[3.84809e8, -3.82414e7]
[3.8526e8, -3.81648e7]
[3.85709e8, -3.8089e7]
[3.86156e8, -3.8014e7]
[3.86601e8, -3.79397e7]
[3.87044e8, -3.78663e7]
[3.87485e8, -3.77938e7]
[3.87923e8, -3.77222e7]
[3.8836e8, -3.76515e7]
[3.88795e8, -3.75818e7]
[3.89227e8, -3.75131e7]
[3.89657e8, -3.74454e7]
[3.90085e8, -3.73788e7]
[3.90511e8, -3.73134e7]
[3.90935e8, -3.72491e7]
[3.91357e8, -3.71861e7]
[3.91777e8, -3.71243e7]
[3.92195e8, -3.70639e7]
[3.9261e8, -3.70048e7]
[3.93024e8, -3.69471e7]
[3.93435e8, -3.6891e7]
[3.93844e8, -3.68364e7]
[3.94251e8, -3.67834e7]
[3.94656e8, -3.67321e7]
[3.95059e8, -3.66826e7]
[3.9546e8, -3.66349e7]
[3.95858e8, -3.65891e7]
[3.96254e8, -3.65454e7]
[3.96648e8, -3.65037e7]
[3.9704e8, -3.64643e7]
[3.97429e8, -3.64272e7]
[3.97817e8, -3.63925e7]
[3.98201e8, -3.63603e7]
[3.98584e8, -3.63309e7]
[3.98964e8, -3.63042e7]
[3.99342e8, -3.62806e7]
[3.99717e8, -3.626e7]
[4.00079e8, -3.62432e7]
[4.00426e8, -3.62301e7]
[4.00756e8, -3.62205e7]
[4.01073e8, -3.62142e7]
[4.01376e8, -3.6211e7]
[4.01665e8, -3.62107e7]
[4.01943e8, -3.62132e7]
[4.02209e8, -3.62182e7]
[4.02464e8, -3.62257e7]
[4.02708e8, -3.62354e7]
[4.02943e8, -3.62472e7]
[4.03168e8, -3.6261e7]
[4.03384e8, -3.62768e7]
[4.03592e8, -3.62943e7]
[4.03791e8, -3.63134e7]
[4.03983e8, -3.63342e7]
[4.04168e8, -3.63564e7]
[4.04345e8, -3.638e7]
[4.04516e8, -3.64049e7]
[4.04681e8, -3.64311e7]
[4.04839e8, -3.64584e7]
[4.04992e8, -3.64868e7]
[4.05138e8, -3.65162e7]
[4.0528e8, -3.65466e7]
[4.05416e8, -3.65779e7]
[4.05548e8, -3.66101e7]
[4.05675e8, -3.66431e7]
[4.05797e8, -3.66769e7]
[4.05915e8, -3.67114e7]
[4.06029e8, -3.67465e7]
[4.06139e8, -3.67823e7]
[4.06244e8, -3.68188e7]
[4.06347e8, -3.68558e7]
[4.06445e8, -3.68933e7]
[4.0654e8, -3.69314e7]
[4.06632e8, -3.69699e7]
[4.06721e8, -3.70089e7]
[4.06806e8, -3.70483e7]
[4.06889e8, -3.70882e7]
[4.06968e8, -3.71285e7]
[4.07045e8, -3.71691e7]
[4.07119e8, -3.72101e7]
[4.07191e8, -3.72514e7]
[4.0726e8, -3.7293e7]
[4.07326e8, -3.73349e7]
[4.07391e8, -3.73772e7]
[4.07452e8, -3.74197e7]
[4.07512e8, -3.74625e7]
[4.07569e8, -3.75055e7]
[4.07624e8, -3.75488e7]
[4.07677e8, -3.75923e7]
[4.07728e8, -3.76361e7]
[4.07778e8, -3.768e7]
[4.07825e8, -3.77242e7]
[4.0787e8, -3.77686e7]
[4.07913e8, -3.78131e7]
[4.07955e8, -3.78579e7]
[4.07995e8, -3.79028e7]
[4.08033e8, -3.7948e7]
[4.08069e8, -3.79933e7]
[4.08104e8, -3.80387e7]
[4.08137e8, -3.80844e7]
[4.08168e8, -3.81301e7]
[4.08198e8, -3.81761e7]
[4.08226e8, -3.82222e7]
[4.08253e8, -3.82684e7]
[4.08278e8, -3.83148e7]
[4.08302e8, -3.83613e7]
[4.08324e8, -3.84079e7]
[4.08344e8, -3.84547e7]
[4.08363e8, -3.85015e7]
[4.08381e8, -3.85485e7]
[4.08397e8, -3.85956e7]
[4.08412e8, -3.86428e7]
[4.08425e8, -3.869e7]
[4.08437e8, -3.87374e7]
[4.08447e8, -3.87848e7]
[4.08456e8, -3.88322e7]
[4.08463e8, -3.88797e7]
[4.08469e8, -3.89273e7]
[4.08473e8, -3.89748e7]
[4.08476e8, -3.90224e7]
[4.08478e8, -3.90699e7]
[4.08478e8, -3.91174e7]
[4.08476e8, -3.91649e7]
[4.08474e8, -3.92123e7]
[4.08469e8, -3.92596e7]
[4.08464e8, -3.93068e7]
[4.08457e8, -3.93538e7]
[4.08448e8, -3.94007e7]
[4.08438e8, -3.94475e7]
[4.08426e8, -3.9494e7]
[4.08413e8, -3.95404e7]
[4.08399e8, -3.95865e7]
[4.08383e8, -3.96323e7]
[4.08366e8, -3.96779e7]
[4.08347e8, -3.97232e7]
[4.08327e8, -3.97681e7]
[4.08306e8, -3.98127e7]
[4.08283e8, -3.9857e7]
[4.08259e8, -3.99009e7]
[4.08233e8, -3.99444e7]
[4.08206e8, -3.99875e7]
[4.08177e8, -4.00302e7]
[4.08147e8, -4.00725e7]
[4.08116e8, -4.01144e7]
[4.08083e8, -4.01557e7]
[4.08049e8, -4.01967e7]
[4.08014e8, -4.02372e7]
[4.07977e8, -4.02771e7]
[4.07939e8, -4.03167e7]
[4.07899e8, -4.03557e7]
[4.07858e8, -4.03942e7]
[4.07816e8, -4.04322e7]
[4.07772e8, -4.04697e7]
[4.07727e8, -4.05067e7]
[4.0768e8, -4.05431e7]
[4.07632e8, -4.0579e7]
[4.07582e8, -4.06143e7]
[4.07531e8, -4.06491e7]
[4.07478e8, -4.06834e7]
[4.07424e8, -4.0717e7]
[4.07368e8, -4.07501e7]
[4.0731e8, -4.07826e7]
[4.07251e8, -4.08145e7]
[4.0719e8, -4.08458e7]
[4.07128e8, -4.08764e7]
[4.07063e8, -4.09064e7]
[4.06997e8, -4.09358e7]
[4.0693e8, -4.09645e7]
[4.0686e8, -4.09925e7]
[4.06788e8, -4.10198e7]
[4.06715e8, -4.10464e7]
[4.06639e8, -4.10722e7]
[4.06562e8, -4.10973e7]
[4.06482e8, -4.11217e7]
[4.064e8, -4.11452e7]
[4.06316e8, -4.11679e7]
[4.0623e8, -4.11898e7]
[4.06141e8, -4.12108e7]
[4.0605e8, -4.12309e7]
[4.05956e8, -4.125e7]
[4.0586e8, -4.12682e7]
[4.05761e8, -4.12854e7]
[4.0566e8, -4.13015e7]
[4.05555e8, -4.13166e7]
[4.05448e8, -4.13306e7]
[4.05338e8, -4.13434e7]
[4.05225e8, -4.13551e7]
[4.05108e8, -4.13654e7]
[4.04988e8, -4.13745e7]
[4.04865e8, -4.13823e7]
[4.04738e8, -4.13886e7]
[4.04608e8, -4.13935e7]
[4.04474e8, -4.13969e7]
[4.04336e8, -4.13987e7]
[4.04193e8, -4.13988e7]
[4.04047e8, -4.13972e7]
[4.03896e8, -4.13939e7]
[4.0374e8, -4.13886e7]
[4.0358e8, -4.13814e7]
[4.03415e8, -4.13721e7]
[4.03245e8, -4.13607e7]
[4.03069e8, -4.1347e7]
[4.02888e8, -4.1331e7]
[4.02701e8, -4.13125e7]
[4.02508e8, -4.12915e7]
[4.02308e8, -4.12677e7]
[4.02102e8, -4.12411e7]
[4.01889e8, -4.12116e7]
[4.0167e8, -4.11789e7]
[4.01442e8, -4.1143e7]
[4.01207e8, -4.11036e7]
[4.00963e8, -4.10606e7]
[4.00711e8, -4.10139e7]
[4.00451e8, -4.09631e7]
[4.0018e8, -4.09082e7]
[3.999e8, -4.08489e7]
[3.9961e8, -4.07849e7]
[3.99308e8, -4.07161e7]
[3.98996e8, -4.06422e7]
[3.98671e8, -4.05628e7]
[3.98334e8, -4.04777e7]
[3.97984e8, -4.03866e7]
[3.97619e8, -4.02892e7]
[3.97241e8, -4.01851e7]
[3.96846e8, -4.0074e7]
[3.96436e8, -3.99554e7]
[3.96019e8, -3.98323e7]
[3.95601e8, -3.9706e7]
[3.95181e8, -3.95768e7]
[3.94759e8, -3.94446e7]
[3.94336e8, -3.93097e7]
[3.93911e8, -3.91722e7]
[3.93485e8, -3.90322e7]
[3.93056e8, -3.88897e7]
[3.92626e8, -3.87449e7]
[3.92195e8, -3.85978e7]
[3.91761e8, -3.84485e7]
[3.91326e8, -3.82972e7]
[3.9089e8, -3.81438e7]
[3.90451e8, -3.79885e7]
[3.90011e8, -3.78313e7]
[3.89569e8, -3.76723e7]
[3.89125e8, -3.75115e7]
[3.8868e8, -3.7349e7]
[3.88233e8, -3.71848e7]
[3.87784e8, -3.70191e7]
[3.87333e8, -3.68517e7]
[3.8688e8, -3.66829e7]
[3.86426e8, -3.65126e7]
[3.8597e8, -3.63408e7]
[3.85512e8, -3.61676e7]
[3.85052e8, -3.59931e7]
[3.8459e8, -3.58173e7]
[3.84126e8, -3.56401e7]
[3.83661e8, -3.54618e7]
[3.83194e8, -3.52821e7]
[3.82724e8, -3.51013e7]
[3.82253e8, -3.49193e7]
[3.8178e8, -3.47362e7]
[3.81305e8, -3.4552e7]
[3.80828e8, -3.43666e7]
[3.80349e8, -3.41802e7]
[3.79869e8, -3.39928e7]
[3.79386e8, -3.38043e7]
[3.78901e8, -3.36148e7]
[3.78414e8, -3.34244e7]
[3.77926e8, -3.32329e7]
[3.77435e8, -3.30406e7]
[3.76942e8, -3.28473e7]
[3.76447e8, -3.26531e7]
[3.75951e8, -3.2458e7]
[3.75452e8, -3.22621e7]
[3.74951e8, -3.20653e7]
[3.74448e8, -3.18676e7]
[3.73943e8, -3.16691e7]
[3.73436e8, -3.14698e7]
[3.72927e8, -3.12697e7]
[3.72415e8, -3.10689e7]
[3.71902e8, -3.08672e7]
[3.71387e8, -3.06648e7]
[3.70869e8, -3.04617e7]
[3.70349e8, -3.02578e7]
[3.69827e8, -3.00532e7]
[3.69303e8, -2.98479e7]
[3.68777e8, -2.96418e7]
[3.68249e8, -2.94351e7]
[3.67718e8, -2.92277e7]
[3.67185e8, -2.90197e7]
[3.6665e8, -2.8811e7]
[3.66113e8, -2.86016e7]
[3.65574e8, -2.83916e7]
[3.65032e8, -2.81809e7]
[3.64488e8, -2.79697e7]
[3.63942e8, -2.77578e7]
[3.63393e8, -2.75453e7]
[3.62843e8, -2.73322e7]
[3.6229e8, -2.71185e7]
[3.61735e8, -2.69042e7]
[3.61177e8, -2.66894e7]
[3.60617e8, -2.6474e7]
[3.60055e8, -2.6258e7]
[3.5949e8, -2.60415e7]
[3.58924e8, -2.58244e7]
[3.58354e8, -2.56068e7]
[3.57783e8, -2.53887e7]
[3.57209e8, -2.517e7]
[3.56633e8, -2.49508e7]
[3.56054e8, -2.47311e7]
[3.55473e8, -2.45109e7]
[3.54889e8, -2.42902e7]
[3.54303e8, -2.40689e7]
[3.53715e8, -2.38472e7]
[3.53124e8, -2.3625e7]
[3.52531e8, -2.34024e7]
[3.51935e8, -2.31792e7]
[3.51337e8, -2.29556e7]
[3.50736e8, -2.27315e7]
[3.50133e8, -2.2507e7]
[3.49528e8, -2.2282e7]
[3.48919e8, -2.20566e7]
[3.48309e8, -2.18307e7]
[3.47696e8, -2.16043e7]
[3.4708e8, -2.13776e7]
[3.46461e8, -2.11504e7]
[3.45841e8, -2.09228e7]
[3.45217e8, -2.06947e7]
[3.44591e8, -2.04663e7]
[3.43962e8, -2.02374e7]
[3.43331e8, -2.00081e7]
[3.42697e8, -1.97785e7]
[3.42061e8, -1.95484e7]
[3.41421e8, -1.93179e7]
[3.4078e8, -1.90871e7]
[3.40135e8, -1.88558e7]
[3.39488e8, -1.86242e7]
[3.38838e8, -1.83922e7]
[3.38186e8, -1.81598e7]
[3.3753e8, -1.7927e7]
[3.36872e8, -1.76939e7]
[3.36211e8, -1.74604e7]
[3.35548e8, -1.72266e7]
[3.34882e8, -1.69924e7]
[3.34213e8, -1.67578e7]
[3.33541e8, -1.65229e7]
[3.32866e8, -1.62877e7]
[3.32189e8, -1.60521e7]
[3.31508e8, -1.58161e7]
[3.30825e8, -1.55799e7]
[3.30139e8, -1.53433e7]
[3.2945e8, -1.51064e7]
[3.28758e8, -1.48691e7]
[3.28064e8, -1.46315e7]
[3.27366e8, -1.43937e7]
[3.26666e8, -1.41555e7]
[3.25962e8, -1.3917e7]
[3.25256e8, -1.36781e7]
[3.24547e8, -1.3439e7]
[3.23834e8, -1.31996e7]
[3.23119e8, -1.29599e7]
[3.22401e8, -1.27199e7]
[3.21679e8, -1.24796e7]
[3.20955e8, -1.2239e7]
[3.20228e8, -1.19982e7]
[3.19497e8, -1.1757e7]
[3.18764e8, -1.15156e7]
[3.18027e8, -1.12739e7]
[3.17287e8, -1.10319e7]
[3.16544e8, -1.07897e7]
[3.15798e8, -1.05472e7]
[3.15049e8, -1.03045e7]
[3.14296e8, -1.00614e7]
[3.13541e8, -9.81818e6]
[3.12782e8, -9.57467e6]
[3.1202e8, -9.3309e6]
[3.11255e8, -9.0869e6]
[3.10486e8, -8.84266e6]
[3.09714e8, -8.59817e6]
[3.08939e8, -8.35346e6]
[3.08161e8, -8.10852e6]
[3.07379e8, -7.86334e6]
[3.06594e8, -7.61795e6]
[3.05806e8, -7.37234e6]
[3.05014e8, -7.12651e6]
[3.04219e8, -6.88046e6]
[3.0342e8, -6.63421e6]
[3.02618e8, -6.38775e6]
[3.01812e8, -6.14109e6]
[3.01003e8, -5.89423e6]
[3.00191e8, -5.64717e6]
[2.99374e8, -5.39993e6]
[2.98555e8, -5.15249e6]
[2.97732e8, -4.90487e6]
[2.96905e8, -4.65707e6]
[2.96075e8, -4.40909e6]
[2.95241e8, -4.16094e6]
[2.94403e8, -3.91261e6]
[2.93562e8, -3.66413e6]
[2.92717e8, -3.41548e6]
[2.91868e8, -3.16667e6]
[2.91016e8, -2.9177e6]
[2.90159e8, -2.66859e6]
[2.89299e8, -2.41933e6]
[2.88436e8, -2.16993e6]
[2.87568e8, -1.92038e6]
[2.86697e8, -1.67071e6]
[2.85821e8, -1.4209e6]
[2.84942e8, -1.17097e6]
[2.84059e8, -920915.0]
[2.83172e8, -670743.0]
[2.82281e8, -420457.0]
[2.81386e8, -170063.0]
[2.80487e8, 80435.2]
[2.79584e8, 331033.0]
[2.78677e8, 581727.0]
[2.77765e8, 832511.0]
[2.7685e8, 1.08338e6]
[2.7593e8, 1.33433e6]
[2.75007e8, 1.58536e6]
[2.74079e8, 1.83646e6]
[2.73146e8, 2.08762e6]
[2.7221e8, 2.33885e6]
[2.71269e8, 2.59013e6]
[2.70324e8, 2.84147e6]
[2.69375e8, 3.09284e6]
[2.68421e8, 3.34426e6]
[2.67462e8, 3.59572e6]
[2.66499e8, 3.8472e6]
[2.65532e8, 4.09871e6]
[2.6456e8, 4.35023e6]
[2.63584e8, 4.60176e6]
[2.62603e8, 4.85331e6]
[2.61617e8, 5.10485e6]
[2.60627e8, 5.35638e6]
[2.59632e8, 5.6079e6]
[2.58632e8, 5.8594e6]
[2.57628e8, 6.11088e6]
[2.56619e8, 6.36232e6]
[2.55604e8, 6.61373e6]
[2.54585e8, 6.86508e6]
[2.53561e8, 7.11639e6]
[2.52533e8, 7.36763e6]
[2.51499e8, 7.61881e6]
[2.5046e8, 7.86991e6]
[2.49415e8, 8.12092e6]
[2.48366e8, 8.37185e6]
[2.47312e8, 8.62267e6]
[2.46252e8, 8.87339e6]
[2.45187e8, 9.12399e6]
[2.44117e8, 9.37447e6]
[2.43041e8, 9.62482e6]
[2.41961e8, 9.87502e6]
[2.40874e8, 1.01251e7]
[2.39782e8, 1.0375e7]
[2.38685e8, 1.06247e7]
[2.37582e8, 1.08742e7]
[2.36473e8, 1.11236e7]
[2.35358e8, 1.13727e7]
[2.34238e8, 1.16217e7]
[2.33112e8, 1.18704e7]
[2.3198e8, 1.21189e7]
[2.30842e8, 1.23671e7]
[2.29698e8, 1.26151e7]
[2.28548e8, 1.28628e7]
[2.27392e8, 1.31103e7]
[2.2623e8, 1.33574e7]
[2.25062e8, 1.36043e7]
[2.23887e8, 1.38508e7]
[2.22706e8, 1.4097e7]
[2.21519e8, 1.43429e7]
[2.20325e8, 1.45884e7]
[2.19124e8, 1.48335e7]
[2.17917e8, 1.50782e7]
[2.16703e8, 1.53225e7]
[2.15482e8, 1.55664e7]
[2.14255e8, 1.58099e7]
[2.1302e8, 1.60529e7]
[2.11779e8, 1.62955e7]
[2.1053e8, 1.65375e7]
[2.09274e8, 1.67791e7]
[2.08011e8, 1.70201e7]
[2.06741e8, 1.72606e7]
[2.05463e8, 1.75005e7]
[2.04178e8, 1.77398e7]
[2.02885e8, 1.79785e7]
[2.01584e8, 1.82166e7]
[2.00276e8, 1.8454e7]
[1.98959e8, 1.86908e7]
[1.97635e8, 1.89268e7]
[1.96303e8, 1.91622e7]
[1.94962e8, 1.93968e7]
[1.93613e8, 1.96306e7]
[1.92255e8, 1.98636e7]
[1.90889e8, 2.00957e7]
[1.89515e8, 2.0327e7]
[1.88131e8, 2.05574e7]
[1.86739e8, 2.07869e7]
[1.85337e8, 2.10154e7]
[1.83927e8, 2.12429e7]
[1.82507e8, 2.14694e7]
[1.81077e8, 2.16949e7]
[1.79638e8, 2.19192e7]
[1.78189e8, 2.21424e7]
[1.76731e8, 2.23643e7]
[1.75262e8, 2.25851e7]
[1.7379e8, 2.28036e7]
[1.7233e8, 2.30176e7]
[1.70881e8, 2.32271e7]
[1.69445e8, 2.34321e7]
[1.6802e8, 2.36328e7]
[1.66607e8, 2.38292e7]
[1.65206e8, 2.40214e7]
[1.63817e8, 2.42094e7]
[1.62439e8, 2.43932e7]
[1.61072e8, 2.45731e7]
[1.59717e8, 2.47489e7]
[1.58373e8, 2.49208e7]
[1.57041e8, 2.50889e7]
[1.5572e8, 2.52531e7]
[1.54409e8, 2.54136e7]
[1.5311e8, 2.55704e7]
[1.51822e8, 2.57235e7]
[1.50545e8, 2.5873e7]
[1.49278e8, 2.6019e7]
[1.48023e8, 2.61616e7]
[1.46778e8, 2.63007e7]
[1.45543e8, 2.64364e7]
[1.44319e8, 2.65688e7]
[1.43106e8, 2.66979e7]
[1.41902e8, 2.68238e7]
[1.4071e8, 2.69466e7]
[1.39527e8, 2.70662e7]
[1.38354e8, 2.71827e7]
[1.37192e8, 2.72962e7]
[1.36039e8, 2.74068e7]
[1.34896e8, 2.75144e7]
[1.33763e8, 2.76191e7]
[1.3264e8, 2.77209e7]
[1.31527e8, 2.782e7]
[1.30423e8, 2.79163e7]
[1.29328e8, 2.80099e7]
[1.28243e8, 2.81009e7]
[1.27168e8, 2.81892e7]
[1.26101e8, 2.82749e7]
[1.25044e8, 2.83581e7]
[1.23996e8, 2.84387e7]
[1.22957e8, 2.8517e7]
[1.21927e8, 2.85928e7]
[1.20906e8, 2.86662e7]
[1.19893e8, 2.87372e7]
[1.1889e8, 2.8806e7]
[1.17895e8, 2.88724e7]
[1.16909e8, 2.89367e7]
[1.15931e8, 2.89987e7]
[1.14961e8, 2.90586e7]
[1.14e8, 2.91163e7]
[1.13048e8, 2.9172e7]
[1.12103e8, 2.92256e7]
[1.11167e8, 2.92771e7]
[1.10239e8, 2.93267e7]
[1.09319e8, 2.93743e7]
[1.08407e8, 2.942e7]
[1.07502e8, 2.94637e7]
[1.06606e8, 2.95056e7]
[1.05717e8, 2.95457e7]
[1.04836e8, 2.9584e7]
[1.03963e8, 2.96204e7]
[1.03097e8, 2.96552e7]
[1.02238e8, 2.96882e7]
[1.01387e8, 2.97195e7]
[1.00544e8, 2.97492e7]
[9.97071e7, 2.97772e7]
[9.88779e7, 2.98036e7]
[9.80558e7, 2.98284e7]
[9.72408e7, 2.98517e7]
[9.64328e7, 2.98734e7]
[9.56318e7, 2.98937e7]
[9.48377e7, 2.99125e7]
[9.40504e7, 2.99298e7]
[9.32698e7, 2.99456e7]
[9.2496e7, 2.99601e7]
[9.17288e7, 2.99732e7]
[9.09682e7, 2.99849e7]
[9.02141e7, 2.99953e7]
[8.94665e7, 3.00044e7]
[8.87252e7, 3.00122e7]
[8.79904e7, 3.00187e7]
[8.72617e7, 3.0024e7]
[8.65394e7, 3.00281e7]
[8.58232e7, 3.00309e7]
[8.51131e7, 3.00326e7]
[8.4409e7, 3.00331e7]
[8.3711e7, 3.00324e7]
[8.30189e7, 3.00306e7]
[8.23327e7, 3.00278e7]
[8.16523e7, 3.00238e7]
[8.09778e7, 3.00188e7]
[8.03089e7, 3.00127e7]
[7.96457e7, 3.00056e7]
[7.89881e7, 2.99974e7]
[7.83362e7, 2.99883e7]
[7.76897e7, 2.99782e7]
[7.70487e7, 2.99672e7]
[7.64131e7, 2.99551e7]
[7.57829e7, 2.99422e7]
[7.51579e7, 2.99284e7]
[7.45383e7, 2.99136e7]
[7.39239e7, 2.9898e7]
[7.33146e7, 2.98815e7]
[7.27105e7, 2.98642e7]
[7.21114e7, 2.9846e7]
[7.15173e7, 2.9827e7]
[7.09283e7, 2.98073e7]
[7.03441e7, 2.97867e7]
[6.97649e7, 2.97653e7]
[6.91905e7, 2.97432e7]
[6.86209e7, 2.97203e7]
[6.8056e7, 2.96967e7]
[6.74958e7, 2.96724e7]
[6.69403e7, 2.96474e7]
[6.63895e7, 2.96217e7]
[6.58432e7, 2.95953e7]
[6.53014e7, 2.95682e7]
[6.47641e7, 2.95404e7]
[6.42313e7, 2.95121e7]
[6.37028e7, 2.94831e7]
[6.31788e7, 2.94534e7]
[6.2659e7, 2.94232e7]
[6.21436e7, 2.93923e7]
[6.16324e7, 2.93609e7]
[6.11254e7, 2.93289e7]
[6.06225e7, 2.92963e7]
[6.01238e7, 2.92632e7]
[5.96292e7, 2.92295e7]
[5.91386e7, 2.91953e7]
[5.8652e7, 2.91605e7]
[5.81694e7, 2.91253e7]
[5.76908e7, 2.90895e7]
[5.72161e7, 2.90533e7]
[5.67452e7, 2.90165e7]
[5.62781e7, 2.89793e7]
[5.58149e7, 2.89416e7]
[5.53554e7, 2.89035e7]
[5.48996e7, 2.88649e7]
[5.44475e7, 2.88259e7]
[5.39991e7, 2.87864e7]
[5.35542e7, 2.87465e7]
[5.3113e7, 2.87062e7]
[5.26753e7, 2.86655e7]
[5.22412e7, 2.86244e7]
[5.18105e7, 2.85829e7]
[5.13833e7, 2.8541e7]
[5.09596e7, 2.84988e7]
[5.05392e7, 2.84561e7]
[5.01221e7, 2.84132e7]
[4.97084e7, 2.83698e7]
[4.92981e7, 2.83261e7]
[4.88909e7, 2.82821e7]
[4.8487e7, 2.82378e7]
[4.80864e7, 2.81931e7]
[4.76889e7, 2.81481e7]
[4.72945e7, 2.81028e7]
[4.69033e7, 2.80572e7]
[4.65152e7, 2.80113e7]
[4.61301e7, 2.79651e7]
[4.57481e7, 2.79186e7]
[4.53691e7, 2.78718e7]
[4.4993e7, 2.78248e7]
[4.462e7, 2.77775e7]
[4.42498e7, 2.77299e7]
[4.38825e7, 2.76821e7]
[4.35182e7, 2.7634e7]
[4.31566e7, 2.75857e7]
[4.27979e7, 2.75372e7]
[4.2442e7, 2.74884e7]
[4.20889e7, 2.74394e7]
[4.17385e7, 2.73901e7]
[4.13908e7, 2.73407e7]
[4.10458e7, 2.7291e7]
[4.07035e7, 2.72411e7]
[4.03638e7, 2.71911e7]
[4.00268e7, 2.71408e7]
[3.96924e7, 2.70903e7]
[3.93605e7, 2.70396e7]
[3.90312e7, 2.69888e7]
[3.87044e7, 2.69378e7]
[3.83802e7, 2.68866e7]
[3.80584e7, 2.68352e7]
[3.77391e7, 2.67837e7]
[3.74222e7, 2.6732e7]
[3.71077e7, 2.66801e7]
[3.67956e7, 2.66281e7]
[3.64859e7, 2.6576e7]
[3.61786e7, 2.65236e7]
[3.58736e7, 2.64712e7]
[3.55709e7, 2.64186e7]
[3.52705e7, 2.63659e7]
[3.49724e7, 2.6313e7]
[3.46765e7, 2.62601e7]
[3.43829e7, 2.6207e7]
[3.40914e7, 2.61537e7]
[3.38022e7, 2.61004e7]
[3.35151e7, 2.60469e7]
[3.32302e7, 2.59934e7]
[3.29474e7, 2.59397e7]
[3.26667e7, 2.58859e7]
[3.23881e7, 2.5832e7]
[3.21116e7, 2.57781e7]
[3.18372e7, 2.5724e7]
[3.15648e7, 2.56698e7]
[3.12944e7, 2.56156e7]
[3.10261e7, 2.55613e7]
[3.07597e7, 2.55068e7]
[3.04953e7, 2.54523e7]
[3.02328e7, 2.53978e7]
[2.99723e7, 2.53431e7]
[2.97137e7, 2.52884e7]
[2.9457e7, 2.52336e7]
[2.92022e7, 2.51788e7]
[2.89492e7, 2.51238e7]
[2.86981e7, 2.50688e7]
[2.84489e7, 2.50138e7]
[2.82014e7, 2.49587e7]
[2.79558e7, 2.49036e7]
[2.7712e7, 2.48484e7]
[2.74699e7, 2.47931e7]
[2.72296e7, 2.47378e7]
[2.6991e7, 2.46825e7]
[2.67542e7, 2.46271e7]
[2.65191e7, 2.45716e7]
[2.62856e7, 2.45162e7]
[2.60539e7, 2.44607e7]
[2.58238e7, 2.44051e7]
[2.55954e7, 2.43495e7]
[2.53686e7, 2.42939e7]
[2.51435e7, 2.42383e7]
[2.49199e7, 2.41826e7]
[2.4698e7, 2.41269e7]
[2.44777e7, 2.40712e7]
[2.42589e7, 2.40155e7]
[2.40417e7, 2.39597e7]
[2.3826e7, 2.3904e7]
[2.36118e7, 2.38482e7]
[2.33992e7, 2.37924e7]
[2.31881e7, 2.37366e7]
[2.29785e7, 2.36807e7]
[2.27703e7, 2.36249e7]
[2.25637e7, 2.3569e7]
[2.23585e7, 2.35132e7]
[2.21547e7, 2.34573e7]
[2.19523e7, 2.34014e7]
[2.17514e7, 2.33456e7]
[2.15519e7, 2.32897e7]
[2.13538e7, 2.32338e7]
[2.11571e7, 2.31779e7]
[2.09617e7, 2.31221e7]
[2.07677e7, 2.30662e7]
[2.0575e7, 2.30104e7]
[2.03837e7, 2.29545e7]
[2.01937e7, 2.28986e7]
[2.00051e7, 2.28428e7]
[1.98177e7, 2.2787e7]
[1.96317e7, 2.27312e7]
[1.94469e7, 2.26753e7]
[1.92634e7, 2.26196e7]
[1.90811e7, 2.25638e7]
[1.89001e7, 2.2508e7]
[1.87204e7, 2.24523e7]
[1.85418e7, 2.23965e7]
[1.83645e7, 2.23408e7]
[1.81885e7, 2.22851e7]
[1.80136e7, 2.22294e7]
[1.78399e7, 2.21738e7]
[1.76674e7, 2.21181e7]
[1.7496e7, 2.20625e7]
[1.73258e7, 2.20069e7]
[1.71568e7, 2.19514e7]
[1.69889e7, 2.18958e7]
[1.68222e7, 2.18403e7]
[1.66566e7, 2.17848e7]
[1.64921e7, 2.17294e7]
[1.63287e7, 2.1674e7]
[1.61664e7, 2.16186e7]
[1.60052e7, 2.15632e7]
[1.5845e7, 2.15078e7]
[1.5686e7, 2.14525e7]
[1.5528e7, 2.13973e7]
[1.5371e7, 2.1342e7]
[1.52151e7, 2.12868e7]
[1.50603e7, 2.12316e7]
[1.49065e7, 2.11765e7]
[1.47537e7, 2.11214e7]
[1.46019e7, 2.10663e7]
[1.44511e7, 2.10113e7]
[1.43013e7, 2.09563e7]
[1.41525e7, 2.09013e7]
[1.40047e7, 2.08464e7]
[1.38578e7, 2.07915e7]
[1.37119e7, 2.07366e7]
[1.3567e7, 2.06818e7]
[1.3423e7, 2.06271e7]
[1.328e7, 2.05723e7]
[1.31379e7, 2.05176e7]
[1.29967e7, 2.0463e7]
[1.28565e7, 2.04084e7]
[1.27172e7, 2.03538e7]
[1.25787e7, 2.02993e7]
[1.24412e7, 2.02448e7]
[1.23046e7, 2.01904e7]
[1.21688e7, 2.0136e7]
[1.20339e7, 2.00816e7]
[1.18999e7, 2.00273e7]
[1.17668e7, 1.99731e7]
[1.16345e7, 1.99189e7]
[1.15031e7, 1.98647e7]
[1.13725e7, 1.98106e7]
[1.12428e7, 1.97565e7]
[1.11139e7, 1.97025e7]
[1.09858e7, 1.96485e7]
[1.08585e7, 1.95945e7]
[1.0732e7, 1.95406e7]
[1.06064e7, 1.94868e7]
[1.04815e7, 1.9433e7]
[1.03575e7, 1.93792e7]
[1.02342e7, 1.93255e7]
[1.01117e7, 1.92719e7]
[9.99e6, 1.92183e7]
[9.86906e6, 1.91647e7]
[9.74888e6, 1.91112e7]
[9.62946e6, 1.90577e7]
[9.51079e6, 1.90043e7]
[9.39287e6, 1.8951e7]
[9.27569e6, 1.88977e7]
[9.15924e6, 1.88444e7]
[9.04353e6, 1.87912e7]
[8.92854e6, 1.8738e7]
[8.81426e6, 1.86849e7]
[8.70071e6, 1.86318e7]
[8.58785e6, 1.85788e7]
[8.47571e6, 1.85258e7]
[8.36425e6, 1.84729e7]
[8.25349e6, 1.842e7]
[8.14342e6, 1.83672e7]
[8.03403e6, 1.83145e7]
[7.92532e6, 1.82617e7]
[7.81728e6, 1.82091e7]
[7.7099e6, 1.81565e7]
[7.60319e6, 1.81039e7]
[7.49713e6, 1.80514e7]
[7.39173e6, 1.79989e7]
[7.28697e6, 1.79465e7]
[7.18286e6, 1.78941e7]
[7.07938e6, 1.78418e7]
[6.97654e6, 1.77896e7]
[6.87432e6, 1.77373e7]
[6.77273e6, 1.76852e7]
[6.67175e6, 1.76331e7]
[6.5714e6, 1.7581e7]
[6.47165e6, 1.7529e7]
[6.3725e6, 1.7477e7]
[6.27396e6, 1.74251e7]
[6.17602e6, 1.73733e7]
[6.07867e6, 1.73215e7]
[5.9819e6, 1.72697e7]
[5.88572e6, 1.7218e7]
[5.79012e6, 1.71663e7]
[5.6951e6, 1.71147e7]
[5.60064e6, 1.70632e7]
[5.50676e6, 1.70117e7]
[5.41343e6, 1.69602e7]
[5.32067e6, 1.69088e7]
[5.22846e6, 1.68574e7]
[5.1368e6, 1.68061e7]
[5.04569e6, 1.67549e7]
[4.95513e6, 1.67036e7]
[4.8651e6, 1.66525e7]
[4.77561e6, 1.66014e7]
[4.68665e6, 1.65503e7]
[4.59821e6, 1.64993e7]
[4.5103e6, 1.64483e7]
[4.42292e6, 1.63974e7]
[4.33605e6, 1.63465e7]
[4.24969e6, 1.62957e7]
[4.16384e6, 1.6245e7]
[4.0785e6, 1.61942e7]
[3.99366e6, 1.61436e7]
[3.90932e6, 1.60929e7]
[3.82547e6, 1.60423e7]
[3.74212e6, 1.59918e7]
[3.65925e6, 1.59413e7]
[3.57687e6, 1.58909e7]
[3.49498e6, 1.58405e7]
[3.41356e6, 1.57901e7]
[3.33261e6, 1.57398e7]
[3.25214e6, 1.56896e7]
[3.17214e6, 1.56394e7]
[3.0926e6, 1.55892e7]
[3.01352e6, 1.55391e7]
[2.9349e6, 1.5489e7]
[2.85674e6, 1.5439e7]
[2.77903e6, 1.5389e7]
[2.70177e6, 1.53391e7]
[2.62496e6, 1.52892e7]
[2.54859e6, 1.52394e7]
[2.47266e6, 1.51896e7]
[2.39717e6, 1.51398e7]
[2.32212e6, 1.50901e7]
[2.24749e6, 1.50404e7]
[2.17329e6, 1.49908e7]
[2.09952e6, 1.49412e7]
[2.02618e6, 1.48917e7]
[1.95325e6, 1.48422e7]
[1.88074e6, 1.47928e7]
[1.80864e6, 1.47433e7]
[1.73696e6, 1.4694e7]
[1.66568e6, 1.46447e7]
[1.59481e6, 1.45954e7]
[1.52435e6, 1.45461e7]
[1.45428e6, 1.44969e7]
[1.38462e6, 1.44478e7]
[1.31535e6, 1.43986e7]
[1.24647e6, 1.43496e7]
[1.17798e6, 1.43005e7]
[1.10988e6, 1.42515e7]
[1.04217e6, 1.42026e7]
[974838.0, 1.41537e7]
[907887.0, 1.41048e7]
[841314.0, 1.40559e7]
[775116.0, 1.40071e7]
[709291.0, 1.39584e7]
[643837.0, 1.39096e7]
[578750.0, 1.38609e7]
[514030.0, 1.38123e7]
[449673.0, 1.37637e7]
[385677.0, 1.37151e7]
[322040.0, 1.36665e7]
[258759.0, 1.3618e7]
[195832.0, 1.35696e7]
[133258.0, 1.35211e7]
[71032.6, 1.34727e7]
[9155.11, 1.34244e7]
[-52377.0, 1.3376e7]
[-113566.0, 1.33277e7]
[-174414.0, 1.32795e7]
[-234923.0, 1.32313e7]
[-295096.0, 1.31831e7]
[-354934.0, 1.31349e7]
[-414439.0, 1.30868e7]
[-473614.0, 1.30387e7]
[-532461.0, 1.29906e7]
[-590981.0, 1.29426e7]
[-649177.0, 1.28946e7]
[-707050.0, 1.28466e7]
[-764603.0, 1.27987e7]
[-821838.0, 1.27508e7]
[-878756.0, 1.27029e7]
[-935360.0, 1.26551e7]
[-991651.0, 1.26072e7]
[-1.04763e6, 1.25595e7]
[-1.1033e6, 1.25117e7]
[-1.15867e6, 1.2464e7]
[-1.21373e6, 1.24163e7]
[-1.26848e6, 1.23686e7]
[-1.32294e6, 1.23209e7]
[-1.37709e6, 1.22733e7]
[-1.43095e6, 1.22257e7]
[-1.48451e6, 1.21782e7]
[-1.53777e6, 1.21306e7]
[-1.59075e6, 1.20831e7]
[-1.64343e6, 1.20356e7]
[-1.69582e6, 1.19882e7]
[-1.74793e6, 1.19407e7]
[-1.79975e6, 1.18933e7]
[-1.85128e6, 1.18459e7]
[-1.90254e6, 1.17986e7]
[-1.95351e6, 1.17512e7]
[-2.0042e6, 1.17039e7]
[-2.05462e6, 1.16566e7]
[-2.10475e6, 1.16094e7]
[-2.15462e6, 1.15621e7]
[-2.20421e6, 1.15149e7]
[-2.25353e6, 1.14677e7]
[-2.30258e6, 1.14205e7]
[-2.35136e6, 1.13733e7]
[-2.39987e6, 1.13262e7]
[-2.44812e6, 1.12791e7]
[-2.49611e6, 1.1232e7]
[-2.54383e6, 1.11849e7]
[-2.59129e6, 1.11378e7]
[-2.63849e6, 1.10908e7]
[-2.68544e6, 1.10437e7]
[-2.73212e6, 1.09967e7]
[-2.77855e6, 1.09497e7]
[-2.82473e6, 1.09027e7]
[-2.87065e6, 1.08558e7]
[-2.91633e6, 1.08088e7]
[-2.96175e6, 1.07619e7]
[-3.00693e6, 1.0715e7]
[-3.05185e6, 1.06681e7]
[-3.09653e6, 1.06212e7]
[-3.14097e6, 1.05743e7]
[-3.18516e6, 1.05275e7]
[-3.22911e6, 1.04806e7]
[-3.27282e6, 1.04338e7]
[-3.31629e6, 1.0387e7]
[-3.35953e6, 1.03402e7]
[-3.40252e6, 1.02934e7]
[-3.44528e6, 1.02466e7]
[-3.4878e6, 1.01998e7]
[-3.53009e6, 1.01531e7]
[-3.57215e6, 1.01063e7]
[-3.61398e6, 1.00596e7]
[-3.65558e6, 1.00129e7]
[-3.69694e6, 9.96613e6]
[-3.73808e6, 9.91942e6]
[-3.779e6, 9.87272e6]
[-3.81968e6, 9.82602e6]
[-3.86015e6, 9.77934e6]
[-3.90038e6, 9.73266e6]
[-3.9404e6, 9.68598e6]
[-3.9802e6, 9.63932e6]
[-4.01977e6, 9.59266e6]
[-4.05913e6, 9.546e6]
[-4.09827e6, 9.49935e6]
[-4.13719e6, 9.45271e6]
[-4.17589e6, 9.40607e6]
[-4.21438e6, 9.35943e6]
[-4.25265e6, 9.3128e6]
[-4.29072e6, 9.26617e6]
[-4.32857e6, 9.21955e6]
[-4.3662e6, 9.17293e6]
[-4.40363e6, 9.12631e6]
[-4.44085e6, 9.07969e6]
[-4.47786e6, 9.03307e6]
[-4.51466e6, 8.98645e6]
[-4.55126e6, 8.93984e6]
[-4.58764e6, 8.89322e6]
[-4.62383e6, 8.84661e6]
[-4.65981e6, 8.79999e6]
[-4.69559e6, 8.75337e6]
[-4.73116e6, 8.70675e6]
[-4.76653e6, 8.66013e6]
[-4.80171e6, 8.61351e6]
[-4.83668e6, 8.56688e6]
[-4.87145e6, 8.52026e6]
[-4.90603e6, 8.47362e6]
[-4.9404e6, 8.42699e6]
[-4.97458e6, 8.38035e6]
[-5.00857e6, 8.3337e6]
[-5.04236e6, 8.28706e6]
[-5.07595e6, 8.2404e6]
[-5.10935e6, 8.19374e6]
[-5.14256e6, 8.14707e6]
[-5.17558e6, 8.1004e6]
[-5.2084e6, 8.05372e6]
[-5.24103e6, 8.00703e6]
[-5.27348e6, 7.96034e6]
[-5.30573e6, 7.91364e6]
[-5.3378e6, 7.86693e6]
[-5.36967e6, 7.82021e6]
[-5.40136e6, 7.77348e6]
[-5.43286e6, 7.72674e6]
[-5.46418e6, 7.67999e6]
[-5.49531e6, 7.63323e6]
[-5.52626e6, 7.58646e6]
[-5.55702e6, 7.53968e6]
[-5.58759e6, 7.49289e6]
[-5.61799e6, 7.44608e6]
[-5.6482e6, 7.39927e6]
[-5.67823e6, 7.35244e6]
[-5.70808e6, 7.3056e6]
[-5.73774e6, 7.25874e6]
[-5.76723e6, 7.21187e6]
[-5.79654e6, 7.16499e6]
[-5.82567e6, 7.11809e6]
[-5.85461e6, 7.07118e6]
[-5.88339e6, 7.02425e6]
[-5.91198e6, 6.97731e6]
[-5.94039e6, 6.93035e6]
[-5.96863e6, 6.88338e6]
[-5.9967e6, 6.83639e6]
[-6.02458e6, 6.78938e6]
[-6.0523e6, 6.74236e6]
[-6.07983e6, 6.69531e6]
[-6.10719e6, 6.64825e6]
[-6.13438e6, 6.60117e6]
[-6.1614e6, 6.55408e6]
[-6.18824e6, 6.50696e6]
[-6.21491e6, 6.45982e6]
[-6.2414e6, 6.41267e6]
[-6.26773e6, 6.36549e6]
[-6.29388e6, 6.3183e6]
[-6.31986e6, 6.27108e6]
[-6.34568e6, 6.22385e6]
[-6.37132e6, 6.17659e6]
[-6.39679e6, 6.12931e6]
[-6.42209e6, 6.08201e6]
[-6.44722e6, 6.03469e6]
[-6.47218e6, 5.98734e6]
[-6.49698e6, 5.93998e6]
[-6.5216e6, 5.89258e6]
[-6.54606e6, 5.84517e6]
[-6.57035e6, 5.79773e6]
[-6.59447e6, 5.75027e6]
[-6.61843e6, 5.70279e6]
[-6.64222e6, 5.65528e6]
[-6.66584e6, 5.60774e6]
[-6.6893e6, 5.56018e6]
[-6.71259e6, 5.5126e6]
[-6.73571e6, 5.46499e6]
[-6.75867e6, 5.41735e6]
[-6.78146e6, 5.36969e6]
[-6.80409e6, 5.32201e6]
[-6.82655e6, 5.27429e6]
[-6.84885e6, 5.22655e6]
[-6.87099e6, 5.17879e6]
[-6.89296e6, 5.13099e6]
[-6.91476e6, 5.08317e6]
[-6.93641e6, 5.03532e6]
[-6.95789e6, 4.98744e6]
[-6.9792e6, 4.93954e6]
[-7.00036e6, 4.89161e6]
[-7.02135e6, 4.84365e6]
[-7.04217e6, 4.79566e6]
[-7.06284e6, 4.74764e6]
[-7.08334e6, 4.69959e6]
[-7.10368e6, 4.65151e6]
[-7.12386e6, 4.60341e6]
[-7.14387e6, 4.55527e6]
[-7.16373e6, 4.50711e6]
[-7.18342e6, 4.45891e6]
[-7.20295e6, 4.41069e6]
[-7.22232e6, 4.36243e6]
[-7.24153e6, 4.31415e6]
[-7.26057e6, 4.26583e6]
[-7.27946e6, 4.21749e6]
[-7.29818e6, 4.16911e6]
[-7.31675e6, 4.1207e6]
[-7.33515e6, 4.07226e6]
[-7.35339e6, 4.02379e6]
[-7.37148e6, 3.97529e6]
[-7.3894e6, 3.92676e6]
[-7.40716e6, 3.8782e6]
[-7.42476e6, 3.8296e6]
[-7.4422e6, 3.78098e6]
[-7.45948e6, 3.73232e6]
[-7.4766e6, 3.68363e6]
[-7.49356e6, 3.63491e6]
[-7.51036e6, 3.58615e6]
[-7.527e6, 3.53737e6]
[-7.54348e6, 3.48855e6]
[-7.5598e6, 3.4397e6]
[-7.57596e6, 3.39082e6]
[-7.59196e6, 3.3419e6]
[-7.60781e6, 3.29296e6]
[-7.62349e6, 3.24398e6]
[-7.63901e6, 3.19497e6]
[-7.65437e6, 3.14592e6]
[-7.66958e6, 3.09685e6]
[-7.68462e6, 3.04774e6]
[-7.69951e6, 2.9986e6]
[-7.71423e6, 2.94942e6]
[-7.7288e6, 2.90022e6]
[-7.74321e6, 2.85098e6]
[-7.75745e6, 2.8017e6]
[-7.77154e6, 2.7524e6]
[-7.78547e6, 2.70306e6]
[-7.79924e6, 2.65369e6]
[-7.81285e6, 2.60429e6]
[-7.8263e6, 2.55485e6]
[-7.8396e6, 2.50538e6]
[-7.85273e6, 2.45588e6]
[-7.8657e6, 2.40635e6]
[-7.87852e6, 2.35678e6]
[-7.89118e6, 2.30718e6]
[-7.90367e6, 2.25755e6]
[-7.91601e6, 2.20789e6]
[-7.92819e6, 2.15819e6]
[-7.94021e6, 2.10846e6]
[-7.95207e6, 2.0587e6]
[-7.96377e6, 2.0089e6]
[-7.97532e6, 1.95908e6]
[-7.9867e6, 1.90922e6]
[-7.99793e6, 1.85932e6]
[-8.00899e6, 1.8094e6]
[-8.0199e6, 1.75944e6]
[-8.03065e6, 1.70945e6]
[-8.04124e6, 1.65943e6]
[-8.05167e6, 1.60937e6]
[-8.06194e6, 1.55929e6]
[-8.07205e6, 1.50917e6]
[-8.08201e6, 1.45901e6]
[-8.0918e6, 1.40883e6]
[-8.10144e6, 1.35861e6]
[-8.11092e6, 1.30836e6]
[-8.12024e6, 1.25808e6]
[-8.1294e6, 1.20777e6]
[-8.1384e6, 1.15742e6]
[-8.14724e6, 1.10704e6]
[-8.15592e6, 1.05663e6]
[-8.16445e6, 1.00619e6]
[-8.17281e6, 955715.0]
[-8.18102e6, 905208.0]
[-8.18907e6, 854668.0]
[-8.19696e6, 804097.0]
[-8.20469e6, 753493.0]
[-8.21226e6, 702856.0]
[-8.21967e6, 652188.0]
[-8.22693e6, 601487.0]
[-8.23402e6, 550754.0]
[-8.24096e6, 499988.0]
[-8.24774e6, 449191.0]
[-8.25436e6, 398361.0]
[-8.26082e6, 347498.0]
[-8.26713e6, 296603.0]
[-8.27327e6, 245676.0]
[-8.27926e6, 194716.0]
[-8.28508e6, 143724.0]
[-8.29075e6, 92698.6]
[-8.29626e6, 41641.0]
[-8.30161e6, -9449.38]
[-8.3068e6, -60572.5]
[-8.31184e6, -111728.0]
[-8.31671e6, -162917.0]
[-8.32143e6, -214139.0]
[-8.32599e6, -265394.0]
[-8.33039e6, -316682.0]
[-8.33463e6, -368004.0]
[-8.33871e6, -419359.0]
[-8.34264e6, -470747.0]
[-8.3464e6, -522169.0]
[-8.35001e6, -573624.0]
[-8.35346e6, -625114.0]
[-8.35675e6, -676637.0]
[-8.35988e6, -728194.0]
[-8.36285e6, -779786.0]
[-8.36566e6, -831412.0]
[-8.36832e6, -883072.0]
[-8.37081e6, -934768.0]
[-8.37315e6, -986498.0]
[-8.37533e6, -1.03826e6]
[-8.37735e6, -1.09006e6]
[-8.37921e6, -1.1419e6]
[-8.38092e6, -1.19377e6]
[-8.38246e6, -1.24568e6]
[-8.38385e6, -1.29762e6]
[-8.38507e6, -1.3496e6]
[-8.38614e6, -1.40161e6]
[-8.38705e6, -1.45367e6]
[-8.3878e6, -1.50576e6]
[-8.38839e6, -1.55788e6]
[-8.38882e6, -1.61004e6]
[-8.38909e6, -1.66225e6]
[-8.38921e6, -1.71448e6]
[-8.38916e6, -1.76676e6]
[-8.38896e6, -1.81908e6]
[-8.38859e6, -1.87143e6]
[-8.38807e6, -1.92382e6]
[-8.38738e6, -1.97625e6]
[-8.38654e6, -2.02872e6]
[-8.38554e6, -2.08123e6]
[-8.38437e6, -2.13378e6]
[-8.38305e6, -2.18638e6]
[-8.38157e6, -2.23901e6]
[-8.37993e6, -2.29168e6]
[-8.37813e6, -2.34439e6]
[-8.37616e6, -2.39715e6]
[-8.37404e6, -2.44995e6]
[-8.37176e6, -2.50279e6]
[-8.36931e6, -2.55567e6]
[-8.36671e6, -2.6086e6]
[-8.36394e6, -2.66156e6]
[-8.36102e6, -2.71458e6]
[-8.35793e6, -2.76763e6]
[-8.35468e6, -2.82074e6]
[-8.35127e6, -2.87388e6]
[-8.3477e6, -2.92707e6]
[-8.34397e6, -2.98031e6]
[-8.34007e6, -3.03359e6]
[-8.33601e6, -3.08692e6]
[-8.33179e6, -3.1403e6]
[-8.32741e6, -3.19373e6]
[-8.32287e6, -3.2472e6]
[-8.31816e6, -3.30072e6]
[-8.31329e6, -3.35429e6]
[-8.30826e6, -3.40791e6]
[-8.30306e6, -3.46157e6]
[-8.2977e6, -3.51529e6]
[-8.29218e6, -3.56906e6]
[-8.28649e6, -3.62288e6]
[-8.28064e6, -3.67675e6]
[-8.27462e6, -3.73067e6]
[-8.26844e6, -3.78465e6]
[-8.2621e6, -3.83867e6]
[-8.25559e6, -3.89276e6]
[-8.24891e6, -3.94689e6]
[-8.24207e6, -4.00108e6]
[-8.23506e6, -4.05533e6]
[-8.22788e6, -4.10963e6]
[-8.22054e6, -4.16398e6]
[-8.21303e6, -4.21839e6]
[-8.20536e6, -4.27286e6]
[-8.19752e6, -4.32739e6]
[-8.18951e6, -4.38197e6]
[-8.18133e6, -4.43662e6]
[-8.17298e6, -4.49132e6]
[-8.16446e6, -4.54608e6]
[-8.15578e6, -4.60091e6]
[-8.14692e6, -4.65579e6]
[-8.1379e6, -4.71073e6]
[-8.1287e6, -4.76574e6]
[-8.11934e6, -4.82081e6]
[-8.1098e6, -4.87594e6]
[-8.10009e6, -4.93114e6]
[-8.09021e6, -4.9864e6]
[-8.08016e6, -5.04173e6]
[-8.06994e6, -5.09712e6]
[-8.05954e6, -5.15258e6]
[-8.04897e6, -5.2081e6]
[-8.03822e6, -5.26369e6]
[-8.0273e6, -5.31935e6]
[-8.01621e6, -5.37508e6]
[-8.00494e6, -5.43088e6]
[-7.99349e6, -5.48675e6]
[-7.98187e6, -5.54268e6]
[-7.97007e6, -5.59869e6]
[-7.9581e6, -5.65477e6]
[-7.94595e6, -5.71093e6]
[-7.93361e6, -5.76715e6]
[-7.92111e6, -5.82345e6]
[-7.90842e6, -5.87983e6]
[-7.89555e6, -5.93628e6]
[-7.8825e6, -5.9928e6]
[-7.86927e6, -6.04941e6]
[-7.85586e6, -6.10609e6]
[-7.84226e6, -6.16284e6]
[-7.82849e6, -6.21968e6]
[-7.81453e6, -6.27659e6]
[-7.80039e6, -6.33359e6]
[-7.78606e6, -6.39066e6]
[-7.77155e6, -6.44782e6]
[-7.75685e6, -6.50506e6]
[-7.74197e6, -6.56238e6]
[-7.72689e6, -6.61978e6]
[-7.71164e6, -6.67727e6]
[-7.69619e6, -6.73485e6]
[-7.68056e6, -6.79251e6]
[-7.66473e6, -6.85025e6]
[-7.64872e6, -6.90808e6]
[-7.63251e6, -6.966e6]
[-7.61611e6, -7.02401e6]
[-7.59952e6, -7.08211e6]
[-7.58274e6, -7.1403e6]
[-7.56576e6, -7.19858e6]
[-7.54859e6, -7.25695e6]
[-7.53123e6, -7.31541e6]
[-7.51367e6, -7.37396e6]
[-7.49591e6, -7.43261e6]
[-7.47795e6, -7.49136e6]
[-7.4598e6, -7.5502e6]
[-7.44144e6, -7.60913e6]
[-7.42289e6, -7.66817e6]
[-7.40413e6, -7.7273e6]
[-7.38518e6, -7.78652e6]
[-7.36602e6, -7.84585e6]
[-7.34666e6, -7.90528e6]
[-7.32709e6, -7.96481e6]
[-7.30732e6, -8.02444e6]
[-7.28734e6, -8.08417e6]
[-7.26716e6, -8.14401e6]
[-7.24677e6, -8.20395e6]
[-7.22617e6, -8.264e6]
[-7.20536e6, -8.32415e6]
[-7.18434e6, -8.38441e6]
[-7.16311e6, -8.44477e6]
[-7.14166e6, -8.50524e6]
[-7.12e6, -8.56583e6]
[-7.09813e6, -8.62652e6]
[-7.07604e6, -8.68732e6]
[-7.05374e6, -8.74824e6]
[-7.03122e6, -8.80927e6]
[-7.00848e6, -8.87041e6]
[-6.98552e6, -8.93166e6]
[-6.96234e6, -8.99304e6]
[-6.93894e6, -9.05452e6]
[-6.91532e6, -9.11613e6]
[-6.89147e6, -9.17785e6]
[-6.8674e6, -9.23969e6]
[-6.8431e6, -9.30165e6]
[-6.81858e6, -9.36373e6]
[-6.79383e6, -9.42593e6]
[-6.76884e6, -9.48825e6]
[-6.74363e6, -9.5507e6]
[-6.71819e6, -9.61327e6]
[-6.69251e6, -9.67597e6]
[-6.6666e6, -9.73879e6]
[-6.64045e6, -9.80174e6]
[-6.61407e6, -9.86481e6]
[-6.58745e6, -9.92802e6]
[-6.56059e6, -9.99135e6]
[-6.53349e6, -1.00548e7]
[-6.50615e6, -1.01184e7]
[-6.47857e6, -1.01821e7]
[-6.45074e6, -1.0246e7]
[-6.42267e6, -1.031e7]
[-6.39435e6, -1.03741e7]
[-6.36578e6, -1.04384e7]
[-6.33697e6, -1.05028e7]
[-6.3079e6, -1.05674e7]
[-6.27858e6, -1.0632e7]
[-6.24901e6, -1.06969e7]
[-6.21918e6, -1.07618e7]
[-6.1891e6, -1.08269e7]
[-6.15876e6, -1.08922e7]
[-6.12816e6, -1.09576e7]
[-6.0973e6, -1.10231e7]
[-6.06618e6, -1.10888e7]
[-6.03479e6, -1.11546e7]
[-6.00314e6, -1.12206e7]
[-5.97122e6, -1.12867e7]
[-5.93904e6, -1.1353e7]
[-5.90658e6, -1.14194e7]
[-5.87386e6, -1.1486e7]
[-5.84086e6, -1.15528e7]
[-5.80758e6, -1.16197e7]
[-5.77403e6, -1.16867e7]
[-5.74021e6, -1.17539e7]
[-5.7061e6, -1.18213e7]
[-5.67172e6, -1.18888e7]
[-5.63705e6, -1.19565e7]
[-5.60209e6, -1.20243e7]
[-5.56685e6, -1.20923e7]
[-5.53133e6, -1.21605e7]
[-5.49551e6, -1.22288e7]
[-5.4594e6, -1.22973e7]
[-5.423e6, -1.2366e7]
[-5.38631e6, -1.24348e7]
[-5.34931e6, -1.25038e7]
[-5.31203e6, -1.2573e7]
[-5.27444e6, -1.26423e7]
[-5.23654e6, -1.27118e7]
[-5.19835e6, -1.27815e7]
[-5.15985e6, -1.28513e7]
[-5.12104e6, -1.29214e7]
[-5.08192e6, -1.29916e7]
[-5.04249e6, -1.3062e7]
[-5.00274e6, -1.31325e7]
[-4.96269e6, -1.32033e7]
[-4.92231e6, -1.32742e7]
[-4.88161e6, -1.33453e7]
[-4.8406e6, -1.34166e7]
[-4.79926e6, -1.34881e7]
[-4.75759e6, -1.35598e7]
[-4.71559e6, -1.36316e7]
[-4.67327e6, -1.37037e7]
[-4.63061e6, -1.37759e7]
[-4.58762e6, -1.38483e7]
[-4.5443e6, -1.39209e7]
[-4.50063e6, -1.39937e7]
[-4.45663e6, -1.40667e7]
[-4.41228e6, -1.41399e7]
[-4.36759e6, -1.42133e7]
[-4.32255e6, -1.42869e7]
[-4.27716e6, -1.43607e7]
[-4.23141e6, -1.44347e7]
[-4.18532e6, -1.45089e7]
[-4.13886e6, -1.45833e7]
[-4.09205e6, -1.46579e7]
[-4.04488e6, -1.47327e7]
[-3.99734e6, -1.48077e7]
[-3.94944e6, -1.48829e7]
[-3.90116e6, -1.49584e7]
[-3.85252e6, -1.5034e7]
[-3.8035e6, -1.51099e7]
[-3.75411e6, -1.5186e7]
[-3.70433e6, -1.52623e7]
[-3.65418e6, -1.53388e7]
[-3.60364e6, -1.54155e7]
[-3.55272e6, -1.54924e7]
[-3.5014e6, -1.55696e7]
[-3.4497e6, -1.5647e7]
[-3.39759e6, -1.57246e7]
[-3.3451e6, -1.58024e7]
[-3.2922e6, -1.58805e7]
[-3.2389e6, -1.59588e7]
[-3.18519e6, -1.60373e7]
[-3.13107e6, -1.61161e7]
[-3.07654e6, -1.61951e7]
[-3.0216e6, -1.62743e7]
[-2.96624e6, -1.63537e7]
[-2.91046e6, -1.64334e7]
[-2.85426e6, -1.65134e7]
[-2.79763e6, -1.65935e7]
[-2.74058e6, -1.66739e7]
[-2.68309e6, -1.67546e7]
[-2.62516e6, -1.68355e7]
[-2.5668e6, -1.69166e7]
[-2.50799e6, -1.6998e7]
[-2.44874e6, -1.70797e7]
[-2.38905e6, -1.71616e7]
[-2.3289e6, -1.72437e7]
[-2.2683e6, -1.73261e7]
[-2.20724e6, -1.74087e7]
[-2.14572e6, -1.74917e7]
[-2.08374e6, -1.75748e7]
[-2.02128e6, -1.76582e7]
[-1.95836e6, -1.77419e7]
[-1.89496e6, -1.78259e7]
[-1.83109e6, -1.79101e7]
[-1.76673e6, -1.79946e7]
[-1.70189e6, -1.80793e7]
[-1.63657e6, -1.81644e7]
[-1.57075e6, -1.82497e7]
[-1.50443e6, -1.83352e7]
[-1.43762e6, -1.84211e7]
[-1.3703e6, -1.85072e7]
[-1.30247e6, -1.85936e7]
[-1.23414e6, -1.86802e7]
[-1.16529e6, -1.87672e7]
[-1.09593e6, -1.88544e7]
[-1.02604e6, -1.8942e7]
[-955626.0, -1.90298e7]
[-884683.0, -1.91179e7]
[-813208.0, -1.92063e7]
[-741194.0, -1.92949e7]
[-668640.0, -1.93839e7]
[-595540.0, -1.94732e7]
[-521890.0, -1.95628e7]
[-447687.0, -1.96526e7]
[-372925.0, -1.97428e7]
[-297602.0, -1.98333e7]
[-221712.0, -1.9924e7]
[-145252.0, -2.00151e7]
[-68216.2, -2.01065e7]
[9398.64, -2.01982e7]
[87597.3, -2.02902e7]
[166384.0, -2.03826e7]
[245764.0, -2.04752e7]
[325741.0, -2.05682e7]
[406319.0, -2.06615e7]
[487505.0, -2.07551e7]
[569301.0, -2.0849e7]
[651713.0, -2.09433e7]
[734746.0, -2.10379e7]
[818405.0, -2.11328e7]
[902693.0, -2.1228e7]
[987617.0, -2.13236e7]
[1.07318e6, -2.14195e7]
[1.15939e6, -2.15158e7]
[1.24625e6, -2.16124e7]
[1.33376e6, -2.17093e7]
[1.42194e6, -2.18066e7]
[1.51078e6, -2.19042e7]
[1.60029e6, -2.20022e7]
[1.69047e6, -2.21005e7]
[1.78134e6, -2.21992e7]
[1.87289e6, -2.22983e7]
[1.96514e6, -2.23976e7]
[2.05808e6, -2.24974e7]
[2.15173e6, -2.25975e7]
[2.24609e6, -2.2698e7]
[2.34115e6, -2.27988e7]
[2.43694e6, -2.29001e7]
[2.53346e6, -2.30016e7]
[2.6307e6, -2.31036e7]
[2.72869e6, -2.32059e7]
[2.82741e6, -2.33086e7]
[2.92689e6, -2.34117e7]
[3.02712e6, -2.35152e7]
[3.12811e6, -2.36191e7]
[3.22986e6, -2.37233e7]
[3.3324e6, -2.38279e7]
[3.43571e6, -2.3933e7]
[3.5398e6, -2.40384e7]
[3.64469e6, -2.41442e7]
[3.75038e6, -2.42504e7]
[3.85687e6, -2.4357e7]
[3.96417e6, -2.4464e7]
[4.0723e6, -2.45715e7]
[4.18124e6, -2.46793e7]
[4.29102e6, -2.47875e7]
[4.40164e6, -2.48962e7]
[4.5131e6, -2.50052e7]
[4.62541e6, -2.51147e7]
[4.73858e6, -2.52246e7]
[4.85262e6, -2.5335e7]
[4.96753e6, -2.54457e7]
[5.08332e6, -2.55569e7]
[5.2e6, -2.56685e7]
[5.31757e6, -2.57806e7]
[5.43605e6, -2.58931e7]
[5.55544e6, -2.6006e7]
[5.67574e6, -2.61194e7]
[5.79697e6, -2.62332e7]
[5.91912e6, -2.63475e7]
[6.04222e6, -2.64622e7]
[6.16627e6, -2.65774e7]
[6.29128e6, -2.6693e7]
[6.41724e6, -2.68091e7]
[6.54418e6, -2.69256e7]
[6.6721e6, -2.70426e7]
[6.80101e6, -2.71601e7]
[6.93091e6, -2.7278e7]
[7.06182e6, -2.73964e7]
[7.19374e6, -2.75153e7]
[7.32669e6, -2.76347e7]
[7.46066e6, -2.77545e7]
[7.59567e6, -2.78749e7]
[7.73173e6, -2.79957e7]
[7.86885e6, -2.8117e7]
[8.00703e6, -2.82388e7]
[8.14629e6, -2.83611e7]
[8.28663e6, -2.84839e7]
[8.42807e6, -2.86072e7]
[8.5706e6, -2.8731e7]
[8.71425e6, -2.88553e7]
[8.85902e6, -2.89802e7]
[9.00492e6, -2.91055e7]
[9.15196e6, -2.92314e7]
[9.30015e6, -2.93577e7]
[9.4495e6, -2.94846e7]
[9.60002e6, -2.96121e7]
[9.75171e6, -2.974e7]
[9.9046e6, -2.98685e7]
[1.00587e7, -2.99976e7]
[1.0214e7, -3.01271e7]
[1.03705e7, -3.02572e7]
[1.05283e7, -3.03879e7]
[1.06873e7, -3.05191e7]
[1.08475e7, -3.06509e7]
[1.1009e7, -3.07832e7]
[1.11718e7, -3.09161e7]
[1.13359e7, -3.10495e7]
[1.15012e7, -3.11835e7]
[1.16679e7, -3.13181e7]
[1.18359e7, -3.14533e7]
[1.20052e7, -3.1589e7]
[1.21759e7, -3.17253e7]
[1.23479e7, -3.18622e7]
[1.25213e7, -3.19997e7]
[1.26961e7, -3.21378e7]
[1.28722e7, -3.22764e7]
[1.30498e7, -3.24157e7]
[1.32288e7, -3.25556e7]
[1.34092e7, -3.26961e7]
[1.3591e7, -3.28371e7]
[1.37743e7, -3.29789e7]
[1.39591e7, -3.31212e7]
[1.41453e7, -3.32641e7]
[1.43331e7, -3.34077e7]
[1.45223e7, -3.35519e7]
[1.4713e7, -3.36967e7]
[1.49053e7, -3.38421e7]
[1.50992e7, -3.39882e7]
[1.52945e7, -3.4135e7]
[1.54915e7, -3.42824e7]
[1.56901e7, -3.44304e7]
[1.58902e7, -3.45791e7]
[1.6092e7, -3.47285e7]
[1.62954e7, -3.48785e7]
[1.65004e7, -3.50292e7]
[1.67071e7, -3.51806e7]
[1.69155e7, -3.53326e7]
[1.71255e7, -3.54853e7]
[1.73373e7, -3.56387e7]
[1.75508e7, -3.57928e7]
[1.7766e7, -3.59476e7]
[1.7983e7, -3.6103e7]
[1.82017e7, -3.62592e7]
[1.84222e7, -3.64161e7]
[1.86445e7, -3.65737e7]
[1.88687e7, -3.6732e7]
[1.90946e7, -3.6891e7]
[1.93224e7, -3.70507e7]
[1.95521e7, -3.72112e7]
[1.97836e7, -3.73724e7]
[2.00171e7, -3.75343e7]
[2.02525e7, -3.7697e7]
[2.04898e7, -3.78604e7]
[2.0729e7, -3.80245e7]
[2.09702e7, -3.81894e7]
[2.12134e7, -3.83551e7]
[2.14587e7, -3.85215e7]
[2.17059e7, -3.86887e7]
[2.19552e7, -3.88567e7]
[2.22065e7, -3.90254e7]
[2.24599e7, -3.91949e7]
[2.27154e7, -3.93652e7]
[2.29731e7, -3.95363e7]
[2.32329e7, -3.97082e7]
[2.34948e7, -3.98809e7]
[2.37589e7, -4.00543e7]
[2.40252e7, -4.02286e7]
[2.42937e7, -4.04037e7]
[2.45645e7, -4.05796e7]
[2.48375e7, -4.07564e7]
[2.51128e7, -4.09339e7]
[2.53904e7, -4.11123e7]
[2.56703e7, -4.12916e7]
[2.59526e7, -4.14716e7]
[2.62372e7, -4.16525e7]
[2.65242e7, -4.18343e7]
[2.68136e7, -4.20169e7]
[2.71055e7, -4.22004e7]
[2.73998e7, -4.23847e7]
[2.76966e7, -4.257e7]
[2.79959e7, -4.2756e7]
[2.82977e7, -4.2943e7]
[2.8602e7, -4.31309e7]
[2.8909e7, -4.33196e7]
[2.92185e7, -4.35093e7]
[2.95307e7, -4.36998e7]
[2.98455e7, -4.38912e7]
[3.01629e7, -4.40836e7]
[3.04831e7, -4.42769e7]
[3.0806e7, -4.44711e7]
[3.11316e7, -4.46662e7]
[3.146e7, -4.48622e7]
[3.17912e7, -4.50592e7]
[3.21252e7, -4.52571e7]
[3.24621e7, -4.5456e7]
[3.28018e7, -4.56558e7]
[3.31445e7, -4.58566e7]
[3.349e7, -4.60584e7]
[3.38386e7, -4.62611e7]
[3.41901e7, -4.64648e7]
[3.45447e7, -4.66695e7]
[3.49023e7, -4.68751e7]
[3.52629e7, -4.70817e7]
[3.56267e7, -4.72894e7]
[3.59936e7, -4.7498e7]
[3.63637e7, -4.77077e7]
[3.6737e7, -4.79183e7]
[3.71134e7, -4.813e7]
[3.74932e7, -4.83427e7]
[3.78762e7, -4.85564e7]
[3.82625e7, -4.87711e7]
[3.86522e7, -4.89869e7]
[3.90453e7, -4.92037e7]
[3.94418e7, -4.94216e7]
[3.98417e7, -4.96406e7]
[4.02451e7, -4.98605e7]
[4.0652e7, -5.00816e7]
[4.10625e7, -5.03037e7]
[4.14765e7, -5.05269e7]
[4.18942e7, -5.07512e7]
[4.23155e7, -5.09766e7]
[4.27404e7, -5.12031e7]
[4.31691e7, -5.14306e7]
[4.36016e7, -5.16593e7]
[4.40378e7, -5.1889e7]
[4.44779e7, -5.21199e7]
[4.49218e7, -5.23519e7]
[4.53696e7, -5.25851e7]
[4.58214e7, -5.28193e7]
[4.62771e7, -5.30547e7]
[4.67369e7, -5.32913e7]
[4.72007e7, -5.3529e7]
[4.76686e7, -5.37678e7]
[4.81406e7, -5.40078e7]
[4.86168e7, -5.42489e7]
[4.90972e7, -5.44913e7]
[4.95819e7, -5.47348e7]
[5.00708e7, -5.49794e7]
[5.05641e7, -5.52253e7]
[5.10617e7, -5.54723e7]
[5.15638e7, -5.57206e7]
[5.20703e7, -5.597e7]
[5.25814e7, -5.62207e7]
[5.30969e7, -5.64725e7]
[5.36171e7, -5.67256e7]
[5.41419e7, -5.69799e7]
[5.46714e7, -5.72354e7]
[5.52056e7, -5.74921e7]
[5.57446e7, -5.77501e7]
[5.62883e7, -5.80093e7]
[5.6837e7, -5.82698e7]
[5.73905e7, -5.85315e7]
[5.7949e7, -5.87944e7]
[5.85125e7, -5.90587e7]
[5.90811e7, -5.93241e7]
[5.96548e7, -5.95909e7]
[6.02336e7, -5.98589e7]
[6.08176e7, -6.01282e7]
[6.14068e7, -6.03988e7]
[6.20014e7, -6.06706e7]
[6.26013e7, -6.09438e7]
[6.32066e7, -6.12182e7]
[6.38173e7, -6.1494e7]
[6.44336e7, -6.1771e7]
[6.50554e7, -6.20494e7]
[6.56828e7, -6.2329e7]
[6.63159e7, -6.261e7]
[6.69547e7, -6.28923e7]
[6.75993e7, -6.31759e7]
[6.82497e7, -6.34608e7]
[6.8906e7, -6.37471e7]
[6.95682e7, -6.40347e7]
[7.02365e7, -6.43236e7]
[7.09107e7, -6.46139e7]
[7.15911e7, -6.49054e7]
[7.22777e7, -6.51984e7]
[7.29705e7, -6.54927e7]
[7.36696e7, -6.57883e7]
[7.4375e7, -6.60853e7]
[7.50868e7, -6.63836e7]
[7.58051e7, -6.66833e7]
[7.653e7, -6.69843e7]
[7.72614e7, -6.72867e7]
[7.79995e7, -6.75905e7]
[7.87442e7, -6.78956e7]
[7.94958e7, -6.82021e7]
[8.02542e7, -6.85099e7]
[8.10195e7, -6.88192e7]
[8.17918e7, -6.91297e7]
[8.25711e7, -6.94417e7]
[8.33576e7, -6.9755e7]
[8.41511e7, -7.00696e7]
[8.4952e7, -7.03857e7]
[8.57601e7, -7.07031e7]
[8.65756e7, -7.10218e7]
[8.73985e7, -7.1342e7]
[8.8229e7, -7.16635e7]
[8.9067e7, -7.19863e7]
[8.99126e7, -7.23105e7]
[9.0766e7, -7.26361e7]
[9.16271e7, -7.2963e7]
[9.24962e7, -7.32913e7]
[9.33731e7, -7.3621e7]
[9.4258e7, -7.3952e7]
[9.5151e7, -7.42843e7]
[9.60522e7, -7.4618e7]
[9.69616e7, -7.4953e7]
[9.78792e7, -7.52893e7]
[9.88053e7, -7.5627e7]
[9.97397e7, -7.5966e7]
[1.00683e8, -7.63063e7]
[1.01634e8, -7.6648e7]
[1.02595e8, -7.69909e7]
[1.03564e8, -7.73351e7]
[1.04541e8, -7.76807e7]
[1.05528e8, -7.80275e7]
[1.06524e8, -7.83756e7]
[1.07528e8, -7.8725e7]
[1.08542e8, -7.90756e7]
[1.09565e8, -7.94275e7]
[1.10598e8, -7.97807e7]
[1.1164e8, -8.01351e7]
[1.12691e8, -8.04907e7]
[1.13751e8, -8.08475e7]
[1.14822e8, -8.12055e7]
[1.15902e8, -8.15647e7]
[1.16991e8, -8.19251e7]
[1.18091e8, -8.22867e7]
[1.19201e8, -8.26494e7]
[1.2032e8, -8.30132e7]
[1.2145e8, -8.33782e7]
[1.2259e8, -8.37442e7]
[1.2374e8, -8.41114e7]
[1.249e8, -8.44796e7]
[1.26071e8, -8.48489e7]
[1.27252e8, -8.52193e7]
[1.28444e8, -8.55906e7]
[1.29647e8, -8.5963e7]
[1.3086e8, -8.63363e7]
[1.32084e8, -8.67106e7]
[1.33319e8, -8.70858e7]
[1.34565e8, -8.74619e7]
[1.35822e8, -8.7839e7]
[1.37091e8, -8.82169e7]
[1.3837e8, -8.85956e7]
[1.39661e8, -8.89751e7]
[1.40963e8, -8.93555e7]
[1.42277e8, -8.97365e7]
[1.43602e8, -9.01184e7]
[1.44939e8, -9.05009e7]
[1.46288e8, -9.08841e7]
[1.47648e8, -9.12679e7]
[1.4902e8, -9.16523e7]
[1.50404e8, -9.20373e7]
[1.51801e8, -9.24228e7]
[1.53209e8, -9.28088e7]
[1.54623e8, -9.31935e7]
[1.56028e8, -9.35731e7]
[1.57425e8, -9.39476e7]
[1.58814e8, -9.43172e7]
[1.60195e8, -9.46819e7]
[1.61568e8, -9.50419e7]
[1.62932e8, -9.53972e7]
[1.64289e8, -9.57479e7]
[1.65639e8, -9.60941e7]
[1.6698e8, -9.64359e7]
[1.68314e8, -9.67733e7]
[1.69641e8, -9.71064e7]
[1.70961e8, -9.74353e7]
[1.72273e8, -9.77601e7]
[1.73578e8, -9.80808e7]
[1.74876e8, -9.83974e7]
[1.76167e8, -9.87101e7]
[1.77451e8, -9.9019e7]
[1.78728e8, -9.9324e7]
[1.79999e8, -9.96252e7]
[1.81262e8, -9.99228e7]
[1.8252e8, -1.00217e8]
[1.8377e8, -1.00507e8]
[1.85015e8, -1.00794e8]
[1.86252e8, -1.01077e8]
[1.87484e8, -1.01357e8]
[1.88709e8, -1.01633e8]
[1.89929e8, -1.01906e8]
[1.91142e8, -1.02176e8]
[1.92349e8, -1.02442e8]
[1.9355e8, -1.02706e8]
[1.94745e8, -1.02966e8]
[1.95934e8, -1.03223e8]
[1.97117e8, -1.03477e8]
[1.98295e8, -1.03727e8]
[1.99467e8, -1.03975e8]
[2.00633e8, -1.0422e8]
[2.01793e8, -1.04462e8]
[2.02949e8, -1.04701e8]
[2.04098e8, -1.04937e8]
[2.05242e8, -1.05171e8]
[2.06381e8, -1.05401e8]
[2.07514e8, -1.05629e8]
[2.08642e8, -1.05854e8]
[2.09765e8, -1.06077e8]
[2.10883e8, -1.06297e8]
[2.11995e8, -1.06514e8]
[2.13103e8, -1.06729e8]
[2.14205e8, -1.06941e8]
[2.15302e8, -1.0715e8]
[2.16394e8, -1.07357e8]
[2.17482e8, -1.07562e8]
[2.18564e8, -1.07764e8]
[2.19641e8, -1.07963e8]
[2.20714e8, -1.08161e8]
[2.21782e8, -1.08356e8]
[2.22845e8, -1.08548e8]
[2.23903e8, -1.08738e8]
[2.24957e8, -1.08926e8]
[2.26006e8, -1.09112e8]
[2.27051e8, -1.09295e8]
[2.2809e8, -1.09477e8]
[2.29126e8, -1.09656e8]
[2.30156e8, -1.09833e8]
[2.31183e8, -1.10007e8]
[2.32205e8, -1.1018e8]
[2.33222e8, -1.1035e8]
[2.34235e8, -1.10519e8]
[2.35244e8, -1.10685e8]
[2.36248e8, -1.10849e8]
[2.37248e8, -1.11011e8]
[2.38244e8, -1.11172e8]
[2.39236e8, -1.1133e8]
[2.40223e8, -1.11486e8]
[2.41206e8, -1.1164e8]
[2.42185e8, -1.11793e8]
[2.4316e8, -1.11943e8]
[2.44131e8, -1.12092e8]
[2.45098e8, -1.12239e8]
[2.46061e8, -1.12383e8]
[2.4702e8, -1.12526e8]
[2.47974e8, -1.12667e8]
[2.48925e8, -1.12807e8]
[2.49872e8, -1.12944e8]
[2.50815e8, -1.1308e8]
[2.51754e8, -1.13214e8]
[2.52689e8, -1.13346e8]
[2.53621e8, -1.13477e8]
[2.54548e8, -1.13606e8]
[2.55472e8, -1.13733e8]
[2.56392e8, -1.13858e8]
[2.57308e8, -1.13982e8]
[2.58221e8, -1.14104e8]
[2.59129e8, -1.14224e8]
[2.60034e8, -1.14343e8]
[2.60936e8, -1.1446e8]
[2.61834e8, -1.14575e8]
[2.62728e8, -1.14689e8]
[2.63618e8, -1.14802e8]
[2.64505e8, -1.14912e8]
[2.65389e8, -1.15022e8]
[2.66269e8, -1.15129e8]
[2.67145e8, -1.15235e8]
[2.68018e8, -1.1534e8]
[2.68887e8, -1.15443e8]
[2.69753e8, -1.15545e8]
[2.70616e8, -1.15645e8]
[2.71475e8, -1.15743e8]
[2.7233e8, -1.1584e8]
[2.73183e8, -1.15936e8]
[2.74032e8, -1.1603e8]
[2.74877e8, -1.16123e8]
[2.75719e8, -1.16215e8]
[2.76558e8, -1.16305e8]
[2.77394e8, -1.16393e8]
[2.78226e8, -1.1648e8]
[2.79055e8, -1.16566e8]
[2.7988e8, -1.1665e8]
[2.80703e8, -1.16734e8]
[2.81522e8, -1.16815e8]
[2.82338e8, -1.16896e8]
[2.83151e8, -1.16975e8]
[2.83961e8, -1.17052e8]
[2.84767e8, -1.17129e8]
[2.8557e8, -1.17204e8]
[2.86371e8, -1.17278e8]
[2.87168e8, -1.1735e8]
[2.87962e8, -1.17421e8]
[2.88753e8, -1.17491e8]
[2.8954e8, -1.1756e8]
[2.90325e8, -1.17627e8]
[2.91107e8, -1.17694e8]
[2.91885e8, -1.17758e8]
[2.92661e8, -1.17822e8]
[2.93434e8, -1.17885e8]
[2.94203e8, -1.17946e8]
[2.9497e8, -1.18006e8]
[2.95734e8, -1.18065e8]
[2.96494e8, -1.18123e8]
[2.97252e8, -1.18179e8]
[2.98007e8, -1.18234e8]
[2.98759e8, -1.18288e8]
[2.99508e8, -1.18341e8]
[3.00254e8, -1.18393e8]
[3.00997e8, -1.18444e8]
[3.01737e8, -1.18494e8]
[3.02475e8, -1.18542e8]
[3.03209e8, -1.18589e8]
[3.03941e8, -1.18635e8]
[3.0467e8, -1.1868e8]
[3.05396e8, -1.18724e8]
[3.06119e8, -1.18767e8]
[3.0684e8, -1.18809e8]
[3.07558e8, -1.1885e8]
[3.08273e8, -1.18889e8]
[3.08985e8, -1.18928e8]
[3.09694e8, -1.18965e8]
[3.10401e8, -1.19001e8]
[3.11105e8, -1.19037e8]
[3.11806e8, -1.19071e8]
[3.12505e8, -1.19104e8]
[3.13201e8, -1.19136e8]
[3.13894e8, -1.19168e8]
[3.14584e8, -1.19198e8]
[3.15272e8, -1.19227e8]
[3.15957e8, -1.19255e8]
[3.1664e8, -1.19282e8]
[3.1732e8, -1.19308e8]
[3.17997e8, -1.19333e8]
[3.18672e8, -1.19357e8]
[3.19344e8, -1.1938e8]
[3.20013e8, -1.19403e8]
[3.2068e8, -1.19424e8]
[3.21344e8, -1.19444e8]
[3.22006e8, -1.19463e8]
[3.22665e8, -1.19481e8]
[3.23321e8, -1.19499e8]
[3.23975e8, -1.19515e8]
[3.24626e8, -1.1953e8]
[3.25275e8, -1.19545e8]
[3.25922e8, -1.19558e8]
[3.26565e8, -1.19571e8]
[3.27207e8, -1.19582e8]
[3.27846e8, -1.19593e8]
[3.28482e8, -1.19603e8]
[3.29116e8, -1.19612e8]
[3.29747e8, -1.1962e8]
[3.30376e8, -1.19627e8]
[3.31002e8, -1.19633e8]
[3.31626e8, -1.19638e8]
[3.32248e8, -1.19643e8]
[3.32867e8, -1.19646e8]
[3.33484e8, -1.19649e8]
[3.34098e8, -1.19651e8]
[3.3471e8, -1.19652e8]
[3.35319e8, -1.19652e8]
[3.35926e8, -1.19651e8]
[3.36531e8, -1.19649e8]
[3.37133e8, -1.19647e8]
[3.37733e8, -1.19643e8]
[3.3833e8, -1.19639e8]
[3.38925e8, -1.19634e8]
[3.39518e8, -1.19628e8]
[3.40108e8, -1.19621e8]
[3.40696e8, -1.19613e8]
[3.41282e8, -1.19605e8]
[3.41866e8, -1.19596e8]
[3.42447e8, -1.19586e8]
[3.43025e8, -1.19575e8]
[3.43602e8, -1.19563e8]
[3.44176e8, -1.1955e8]
[3.44748e8, -1.19537e8]
[3.45317e8, -1.19523e8]
[3.45884e8, -1.19508e8]
[3.46449e8, -1.19492e8]
[3.47012e8, -1.19476e8]
[3.47572e8, -1.19458e8]
[3.4813e8, -1.1944e8]
[3.48686e8, -1.19421e8]
[3.4924e8, -1.19402e8]
[3.49791e8, -1.19381e8]
[3.5034e8, -1.1936e8]
[3.50887e8, -1.19338e8]
[3.51432e8, -1.19315e8]
[3.51974e8, -1.19292e8]
[3.52515e8, -1.19268e8]
[3.53053e8, -1.19243e8]
[3.53588e8, -1.19217e8]
[3.54122e8, -1.1919e8]
[3.54653e8, -1.19163e8]
[3.55183e8, -1.19135e8]
[3.5571e8, -1.19106e8]
[3.56234e8, -1.19077e8]
[3.56757e8, -1.19047e8]
[3.57278e8, -1.19016e8]
[3.57796e8, -1.18984e8]
[3.58312e8, -1.18952e8]
[3.58826e8, -1.18918e8]
[3.59338e8, -1.18885e8]
[3.59848e8, -1.1885e8]
[3.60355e8, -1.18815e8]
[3.60861e8, -1.18779e8]
[3.61364e8, -1.18742e8]
[3.61866e8, -1.18705e8]
[3.62365e8, -1.18667e8]
[3.62862e8, -1.18628e8]
[3.63356e8, -1.18589e8]
[3.63849e8, -1.18548e8]
[3.6434e8, -1.18508e8]
[3.64828e8, -1.18466e8]
[3.65315e8, -1.18424e8]
[3.65799e8, -1.18381e8]
[3.66282e8, -1.18337e8]
[3.66762e8, -1.18293e8]
[3.6724e8, -1.18248e8]
[3.67716e8, -1.18202e8]
[3.6819e8, -1.18156e8]
[3.68662e8, -1.18109e8]
[3.69132e8, -1.18062e8]
[3.696e8, -1.18013e8]
[3.70066e8, -1.17964e8]
[3.7053e8, -1.17915e8]
[3.70991e8, -1.17865e8]
[3.71451e8, -1.17814e8]
[3.71909e8, -1.17762e8]
[3.72364e8, -1.1771e8]
[3.72818e8, -1.17657e8]
[3.7327e8, -1.17604e8]
[3.73719e8, -1.1755e8]
[3.74167e8, -1.17495e8]
[3.74612e8, -1.17439e8]
[3.75056e8, -1.17383e8]
[3.75498e8, -1.17327e8]
[3.75937e8, -1.17269e8]
[3.76375e8, -1.17212e8]
[3.7681e8, -1.17153e8]
[3.77244e8, -1.17094e8]
[3.77676e8, -1.17034e8]
[3.78105e8, -1.16974e8]
[3.78533e8, -1.16913e8]
